Price,Close,High,Low,Open,Volume,Return,MA20,Price_Deviation,Momentum
2023-03-10,146.516357421875,148.92376664622063,145.63824652167983,148.20352210122027,68572400.0,-0.013878681794299741,148.3968933105469,-1.8805358886718864,1.766082763671875
2023-03-13,148.46002197265625,151.09435428881787,145.72701943515565,145.83555065664373,84457100.0,0.0132658536219592,148.37025451660156,0.0897674560546875,2.5159149169921875
2023-03-14,150.5517120361328,151.35088971565344,148.09498288130473,149.25921331444258,73695900.0,0.014089247971833307,148.30809478759767,2.243617248535145,5.110809326171875
2023-03-15,150.94638061523438,151.20290214198522,147.91738213550175,149.17042182051847,77167900.0,0.002621481840119122,148.29773559570313,2.6486450195312443,7.577423095703125
2023-03-16,153.7681427001953,154.36999484794205,149.61437376985128,150.12743176177318,76161100.0,0.018693804206896925,148.32338638305663,5.444756317138683,9.807174682617188
2023-03-17,152.92953491210938,154.64629769155513,152.21915135199143,153.99511025228628,98944600.0,-0.005453716051711632,148.38702468872071,4.5425102233886605,3.9169769287109375
2023-03-20,155.29747009277344,155.7118730486912,152.09088307007352,152.99860710640667,73641400.0,0.015483831700821904,148.62628555297852,6.671184539794922,3.522308349609375
2023-03-21,157.15232849121094,157.27072070754767,154.44892413015182,155.21851870122467,73938300.0,0.011943906087648504,149.15907135009766,7.993257141113276,7.5773773193359375
2023-03-22,155.7217254638672,159.97415053377057,155.7019884063488,157.17209056471103,75701800.0,-0.009103288771338591,149.59911346435547,6.122611999511719,4.8937530517578125
2023-03-23,156.80702209472656,159.39203464017027,155.57371946683134,156.70836691747317,67622100.0,0.006969461888676642,150.06924896240236,6.737773132324207,8.228591918945312
2023-03-24,158.10939025878906,158.1981844310787,155.74145533462084,156.73795839634036,59196500.0,0.008305547459958484,150.73720474243163,7.372185516357433,11.593032836914062
2023-03-27,156.16574096679688,158.6224856967079,155.76121401338384,157.80357078673757,52390300.0,-0.01229306677364883,151.24828643798827,4.917454528808605,7.705718994140625
2023-03-28,155.54409790039062,156.37288858285143,153.8964076451378,155.8598305517969,45992200.0,-0.003980662228205478,151.75344619750976,3.790651702880865,4.9923858642578125
2023-03-29,158.62246704101562,158.89872564622954,157.2214369560123,157.24115895998125,51305700.0,0.019790973634990383,152.516121673584,6.106345367431629,7.67608642578125
2023-03-30,160.19119262695312,160.29972384705454,159.11575648092384,159.3722779761809,49501700.0,0.009889680921000066,153.32763290405273,6.863559722900391,6.4230499267578125
2023-03-31,162.69728088378906,162.79595111857384,159.74723055627194,160.27014967971024,68749800.0,0.015644357319144264,154.01186904907226,8.685411834716803,9.767745971679688
2023-04-03,163.9503173828125,164.06870961825848,162.026368281996,162.07570339841976,56976200.0,0.007701643765751998,154.6206268310547,9.329690551757807,8.652847290039062
2023-04-04,163.41751098632812,164.61133931497844,162.90445295696958,164.37455488216787,46278300.0,-0.0032498039954402813,155.31275482177733,8.104756164550793,6.2651824951171875
2023-04-05,161.57249450683594,162.84527116493152,159.6386845457234,162.53941454235493,51511700.0,-0.011290200593292221,155.84998092651367,5.722513580322271,5.85076904296875
2023-04-06,162.46047973632812,162.75647535534287,159.83600833200663,160.26025717712315,45390100.0,0.005495893544272823,156.54408340454103,5.916396331787098,5.6534576416015625
2023-04-10,159.8656463623047,159.8656463623047,157.94169694007527,159.26379397330305,47716900.0,-0.015972089816765456,157.2115478515625,2.6540985107421875,1.756256103515625
2023-04-11,158.65206909179688,160.1912285181147,158.3659344224378,160.18136751588224,47644200.0,-0.007591232376200963,157.72115020751954,0.9309188842773324,2.486328125
2023-04-12,157.96142578125,159.8952361057982,157.64569304379242,159.0664602524204,50133100.0,-0.004353194474553401,158.09163589477538,-0.13021011352537926,2.417327880859375
2023-04-13,163.34844970703125,163.58524921058068,159.26375236431844,159.4709538117945,68445600.0,0.03410341416670537,158.71173934936525,4.636710357666004,4.725982666015625
2023-04-14,163.00314331054688,164.0983166124722,161.63171143290737,162.39141498863978,49386500.0,-0.0021139251526640646,159.17348937988282,3.829653930664051,2.81195068359375
2023-04-17,163.02285766601562,163.18072400329442,161.8388902463497,162.88472838463733,41516200.0,0.0001209446337557818,159.67815551757812,3.3447021484375057,0.3255767822265625
2023-04-18,164.24632263183594,165.17376867697192,163.43726882906975,163.8812698478859,49923000.0,0.007504867620016897,160.12559814453124,4.120724487304699,0.2960052490234375
2023-04-19,165.39083862304688,165.91375779040226,163.3287449605883,163.5852815705882,47720200.0,0.006968289900629365,160.53752365112305,4.853314971923822,1.97332763671875
2023-04-20,164.4239044189453,165.62760901810955,163.34846811386117,163.87138723669895,52456400.0,-0.0058463589165622665,160.97263259887694,3.4512718200683707,2.851409912109375
2023-04-21,162.81565856933594,164.2265493294176,162.29273954098778,162.8452566233963,58337300.0,-0.009781095122955108,161.27306442260743,1.5425941467285043,0.3551788330078125
2023-04-24,163.12156677246094,163.38796439824753,161.7007995082206,162.79597301982534,41949600.0,0.0018788623023917594,161.523673248291,1.5978935241699332,3.25592041015625
2023-04-25,161.58238220214844,164.08844653165775,161.54290808705858,162.98341218856248,48714100.0,-0.009435812815968836,161.79450531005858,-0.21212310791014488,2.9303131103515625
2023-04-26,161.57249450683594,163.07219461797823,160.6253265824028,160.8818480921529,45498800.0,-6.119290468264982e-05,162.09592514038087,-0.5234306335449332,3.6110687255859375
2023-04-27,166.160400390625,166.3083906842776,162.98341161052969,162.98341161052969,64902300.0,0.028395339799590413,162.47282180786132,3.6875785827636776,2.81195068359375
2023-04-28,167.41343688964844,167.58117930762924,165.63749302008387,166.23934534853646,55275900.0,0.0075411259005013775,162.83393402099608,4.579502868652355,4.4102935791015625
2023-05-01,167.3246307373047,168.17314354860417,166.387323749872,167.0187740939811,52472900.0,-0.0005304601231159722,163.06530151367187,4.259329223632818,4.3017730712890625
2023-05-02,166.28866577148438,168.07450075678005,165.3020235951721,167.81796415576136,48425700.0,-0.0061913476889529084,163.18221893310547,3.1064468383789006,2.0423431396484375
2023-05-03,165.21322631835938,168.63687581044152,164.92710671677185,167.23584575291258,65136000.0,-0.0064673046003200785,163.27200469970703,1.9412216186523494,-0.1776123046875
2023-05-04,163.5753936767578,164.8086963510818,162.11516752574818,162.68742177323023,81235400.0,-0.009913447476932125,163.3721496582031,0.20324401855469887,-0.8485107421875
2023-05-05,171.25148010253906,171.97172463520235,168.4790030974248,168.6960655683585,113453200.0,0.04692690173773939,163.81169967651368,7.439780426025379,8.435821533203125
2023-05-08,171.18240356445312,171.5277343198539,169.8109716539451,170.1760244116815,55962800.0,-0.0004033631595159459,164.3775375366211,6.80486602783202,8.060836791992188
2023-05-09,169.4755096435547,171.22185523763014,169.30778230115573,170.73841026688106,45326900.0,-0.009971199640597228,164.918709564209,4.556800079345692,7.89312744140625
2023-05-10,171.2415771484375,171.70530007668728,169.60374787227713,170.7087971111727,53724500.0,0.010420782970927522,165.58271713256835,5.658860015869152,9.669082641601562
2023-05-11,171.42906188964844,172.25783762602444,169.87016559220018,171.5277321199156,49514700.0,0.0010948552584775229,165.98674774169922,5.442314147949219,5.2686614990234375
2023-05-12,170.5003662109375,171.97248691459123,168.94918806657878,171.53776144545145,45533100.0,-0.005417375959910209,166.36160888671876,4.138757324218744,3.0869293212890625
2023-05-15,170.00631713867188,171.1326441539854,169.4135070987024,171.08324080469038,37266700.0,-0.002897642293943292,166.71078186035157,3.295535278320301,2.6816864013671875
2023-05-16,170.00631713867188,171.06347644981523,169.73955111310707,169.92727479495693,42110300.0,0.0,166.99878158569337,3.00753555297851,3.7176513671875
2023-05-17,170.61891174316406,170.85602374756016,168.37613188825594,169.65066921503973,57951600.0,0.0036033637737855617,167.26018524169922,3.3587265014648438,5.4056854248046875
2023-05-18,172.95062255859375,173.13834629441766,170.51024414446266,170.9252052614361,65496700.0,0.013666192051087878,167.68652114868163,5.264101409912115,9.375228881835938
2023-05-19,173.0592803955078,174.27452457823847,172.84191768629904,174.27452457823847,55809500.0,0.000628259299137568,168.19870223999024,4.860578155517572,1.80780029296875
2023-05-22,172.1107940673828,172.61468722054929,171.3697889134683,171.89343134950482,43570900.0,-0.005480701907215502,168.64816360473634,3.462630462646473,0.9283905029296875
2023-05-23,169.50244140625,171.300620989034,169.22580071286586,171.05361929309908,50747300.0,-0.015155078885474293,169.0441665649414,0.45827484130859375,0.0269317626953125
2023-05-24,169.77911376953125,170.35215962008832,168.4749524111313,169.03810854350246,45143500.0,0.0016322618186845883,169.45449752807616,0.3246162414550895,-1.46246337890625
2023-05-25,170.91531372070312,171.814388514026,169.63090177565675,170.3422679275043,56058300.0,0.006692224537785174,169.69224319458007,1.2230705261230526,-0.5137481689453125
2023-05-26,173.32601928710938,173.66195304430255,171.03385143516303,171.24133948884744,54835000.0,0.014104678591560615,169.9878723144531,3.3381469726562614,2.825653076171875
2023-05-30,175.17359924316406,176.84333305757605,174.45235853913644,174.83768056740178,55964400.0,0.010659564926569054,170.38032073974608,4.79327850341798,5.1672821044921875
2023-05-31,175.12420654296875,177.19902686801004,174.64007778024913,175.20324889662425,99625300.0,-0.00028196429375604293,170.8220977783203,4.3021087646484375,5.117889404296875
2023-06-01,177.93014526367188,177.95978426232014,174.8080400825605,175.56880955803746,68901800.0,0.016022563505603493,171.45794372558595,6.472201538085926,7.3112335205078125
2023-06-02,178.77981567382812,179.59986307293,177.11008187963884,178.8588580217184,61996900.0,0.004775303301737477,172.21816482543946,6.561650848388666,5.829193115234375
2023-06-05,177.42626953125,182.73186141970515,175.90473056039738,180.43969339813148,121946500.0,-0.007571023258283183,172.526904296875,4.899365234375011,4.3669891357421875
2023-06-06,177.06069946289062,177.95977416384898,175.30203354675976,177.81157917901706,64848400.0,-0.0020604055381719943,172.82081909179686,4.239880371093761,4.9499053955078125
2023-06-07,175.68739318847656,179.03673595726826,175.19338974130497,176.2999526387169,61944600.0,-0.007756132662866233,173.13141326904298,2.5559799194335824,6.1849517822265625
2023-06-08,178.4044189453125,178.6711699623807,175.33171678380066,175.76642717021195,50214900.0,0.01546511509747961,173.48955535888672,4.914863586425781,8.62530517578125
2023-06-09,178.7897186279297,180.04447641965535,178.46367457216073,179.3232356709596,48900000.0,0.0021596980887299555,173.8575881958008,4.932130432128901,7.8744049072265625
2023-06-12,181.58575439453125,181.68456110008825,178.7995831921066,179.09598823299092,54274900.0,0.015638683186365077,174.41185760498047,7.173896789550781,8.259735107421875
2023-06-13,181.1115264892578,181.94144859403625,180.2519653861507,180.6076484418825,54929100.0,-0.0026115920098175316,174.96711807250978,6.1444084167480355,5.93792724609375
2023-06-14,181.74386596679688,182.17859141427,179.8370198890403,181.1708201565631,57462900.0,0.003491436960399996,175.55399551391602,6.189870452880854,6.619659423828125
2023-06-15,183.77914428710935,184.28303741690132,181.57589328622848,181.7537423543279,65433200.0,0.011198608049221903,176.21200714111328,7.567137145996071,5.848999023437472
2023-06-16,182.7022247314453,184.7474061455162,182.0600263098281,184.4905147162389,101256200.0,-0.005859857275108515,176.69958724975587,6.002637481689447,3.9224090576171875
2023-06-20,182.79115295410156,183.86809194337903,182.1983578536973,182.1983578536973,49799100.0,0.00048673858671932635,177.18618087768556,5.604972076416004,5.3648834228515625
2023-06-21,181.7537384033203,183.1863452547994,180.40015882951445,182.6824521359612,49515700.0,-0.005675408979130103,177.66832809448243,4.085410308837879,4.6930389404296875
2023-06-22,184.75726318359375,184.8066665365007,181.4671988803744,181.53636658960147,51245300.0,0.01652524347867046,178.43106918334962,6.326194000244129,9.069869995117188
2023-06-23,184.4410858154297,185.31053654650353,182.7911164149862,183.32464848206732,53117000.0,-0.001711312252173136,179.16416778564454,5.276918029785151,6.0366668701171875
2023-06-26,183.0480194091797,185.79467703737228,183.0084906957425,184.5893075659166,48088700.0,-0.007552907206608173,179.77080307006835,3.277216339111334,4.25830078125
2023-06-27,185.8045654296875,186.1306094986342,183.4432296659109,183.66059237854205,50730800.0,0.015059141472303583,180.39473037719728,5.409835052490223,4.21881103515625
2023-06-28,186.98028564453125,187.6224840299043,185.3500804657921,185.67610944091012,51216800.0,0.0063277251133457835,180.9850646972656,5.995220947265636,5.8687591552734375
2023-06-29,187.31622314453125,187.7904773075337,186.67402469467496,186.8123450566035,46347300.0,0.0017966466295737948,181.59466552734375,5.7215576171875,5.572357177734375
2023-06-30,191.6436767578125,192.14755478947328,188.9661717445866,189.33174450555188,85213200.0,0.02310239626143984,182.28034210205078,9.363334655761719,7.864532470703153
2023-07-03,190.15179443359375,191.55476227365415,189.46017761633829,191.4559555638213,31458200.0,-0.007784667615744478,182.84894104003905,7.302853393554699,7.4495697021484375
2023-07-05,189.03536987304688,190.6655752957469,188.33387831143204,189.2724969662243,46920300.0,-0.005871228109481597,183.4293960571289,5.605973815917963,6.2442169189453125
2023-07-06,189.5095672607422,189.71705530606508,186.93086910885413,187.56319280899055,45094300.0,0.002508511438964023,184.05183944702148,5.457727813720709,7.755828857421875
2023-07-07,188.39309692382812,190.3592355443077,187.95838667039857,189.11435261810863,46815000.0,-0.005891366610414672,184.68712463378907,3.705972290039057,3.635833740234375
2023-07-10,186.3479766845703,187.7114309918433,184.79679865953796,186.9901751208951,59922200.0,-0.01085560072344216,185.08430252075195,1.263674163818365,1.906890869140625
2023-07-11,185.82432556152344,187.0296950947768,184.3620796809065,186.8913747422291,46638100.0,-0.002810071417803761,185.43603286743163,0.38829269409180256,2.77630615234375
2023-07-12,187.4940490722656,189.4008949030878,186.2096372553674,187.4051170053163,60750200.0,0.00898549479836186,185.73144760131837,1.7626014709472315,1.6894836425780966
2023-07-13,188.2547912597656,188.89700466458703,187.50391158996257,188.21527762484376,41342300.0,0.004057420442217907,186.08861083984374,2.166180419921858,1.2745056152343466
2023-07-14,188.4030303955078,188.88714410801785,187.35574553686783,187.94854060692288,41616200.0,0.0007874388468427362,186.42156906127929,1.981461334228527,1.0868072509765625
2023-07-17,191.6634521484375,191.9894962144421,189.5095893997432,189.598506397075,50520200.0,0.0173055695870985,186.8157844543457,4.847667694091797,0.019775390625
2023-07-18,191.4065704345703,191.9993805984401,190.1122838217696,191.0311380681889,48288200.0,-0.0013402748984623347,187.25100173950196,4.155568695068354,1.2547760009765625
2023-07-19,192.7601318359375,195.85258285437448,190.3395031262878,190.7841182449009,80507300.0,0.0070716558908821,187.74945068359375,5.01068115234375,3.724761962890625
2023-07-20,190.8137664794922,194.11370571807572,190.1913173439326,192.7502514500073,59581200.0,-0.010097343978276108,188.20245208740235,2.611314392089838,1.30419921875
2023-07-21,189.63804626464844,192.63170595716377,188.93655473427472,191.77214478083425,71951700.0,-0.006161611064734784,188.44649124145508,1.1915550231933594,1.2449493408203125
2023-07-24,190.43829345703125,192.57239156999128,189.9442901017601,191.0903815041778,45377800.0,0.004219866256510718,188.74635162353516,1.691941833496088,4.0903167724609375
2023-07-25,191.29788208007812,192.10805493602857,190.60628029804008,191.01136672601527,37283200.0,0.004513738321441307,189.1588447570801,2.1390373229980355,5.4735565185546875
2023-07-26,192.16732788085935,193.2936550607799,191.00148706119936,191.34728040522955,47471900.0,0.004544983934622326,189.47698287963868,2.6903450012206633,4.67327880859375
2023-07-27,190.90267944335935,194.8349423755621,190.24071668140024,193.66910156142777,47460200.0,-0.006580975296092251,189.67310256958007,1.2295768737792798,2.64788818359375
2023-07-28,193.48138427734375,194.27179277672036,191.8116502798051,192.3352927070371,48291400.0,0.013507955160731555,189.9813606262207,3.5000236511230582,5.0783538818359375
2023-07-31,194.0939178466797,194.1334465580661,192.91818743340556,193.70859582748605,38824100.0,0.003165852733707508,190.10387268066407,3.9900451660156193,2.4304656982421875
2023-08-01,193.26400756835935,194.37057034188453,192.93796352063416,193.88645666636083,35175100.0,-0.004275818055132996,190.25948333740234,3.004524230957003,1.857437133789034
2023-08-02,190.27037048339844,192.83917937620112,189.54912966810335,192.7008590133255,50389300.0,-0.015489884136351884,190.32123336791992,-0.05086288452147869,-2.4897613525390625
2023-08-03,188.87728881835935,190.06289415573028,188.40304969856896,189.27250064800953,61235200.0,-0.007321590121992405,190.28961944580078,-1.4123306274414347,-1.936477661132841
2023-08-04,179.80738830566406,185.1327451053165,179.73822058353596,183.29505159523623,115956800.0,-0.04802006937645997,189.86033401489257,-10.05294570922851,-9.830657958984375
2023-08-07,176.7050323486328,180.9337004891865,175.2230220636036,179.9456936325003,97576100.0,-0.017253773531026417,189.3781867980957,-12.673154449462885,-13.733261108398438
2023-08-08,177.6436004638672,178.1079648000796,175.45022447284256,177.5349191282476,67823000.0,0.005311496241842351,188.9691505432129,-11.325550079345703,-13.654281616210938
2023-08-09,176.0529327392578,178.76006170176663,174.88707688488682,178.70078370635215,60378500.0,-0.008954264158437364,188.3970947265625,-12.344161987304688,-16.114395141601534
2023-08-10,175.8355712890625,178.58222898523437,175.47001359754938,177.3274561288203,54686900.0,-0.001234636917507248,187.77613372802733,-11.940562438964832,-15.067108154296847
2023-08-11,175.89491271972656,176.71606748177,174.66813966002076,175.42993638319382,52036700.0,0.0003374825140842752,187.15072784423828,-11.255815124511713,-17.586471557617188
2023-08-14,177.54713439941406,177.7746785921086,175.42004228880285,176.07301094207762,43675600.0,0.00939323175491813,186.4449119567871,-8.897777557373047,-16.546783447265625
2023-08-15,175.55857849121094,177.56693975444728,175.1628480821964,176.97334414092546,43622600.0,-0.011200157721101944,185.65251235961915,-10.093933868408214,-17.70542907714841
2023-08-16,174.6879425048828,176.6369303294026,174.61868139075943,175.24197103328896,46964900.0,-0.004959233515163808,184.7489028930664,-10.060960388183588,-15.582427978515625
2023-08-17,172.1453399658203,175.6179215615527,171.6308784010705,175.25187020963352,66062900.0,-0.014555111833156054,183.81548156738282,-11.670141601562506,-16.731948852539034
2023-08-18,172.630126953125,173.23362560342792,170.12709527960956,170.46346761685473,61172200.0,0.002816149350316044,182.96508560180663,-10.334958648681635,-7.1772613525390625
2023-08-21,173.96572875976562,174.25264612165492,171.88812158676677,173.20394701107267,46311900.0,0.007736782856003321,182.14145736694337,-8.175728607177746,-2.7393035888671875
2023-08-22,175.3408966064453,175.78609702554508,174.37134667878323,175.17271045239184,42038900.0,0.00790482042919316,181.3436080932617,-6.002711486816395,-2.302703857421875
2023-08-23,179.189453125,179.61487764306722,176.4291981302873,176.61717535249278,52722800.0,0.021948995317349285,180.69471435546876,-1.5052612304687614,3.1365203857421875
2023-08-24,174.49998474121094,179.16967585239115,174.13391827576947,178.74425133745834,54945800.0,-0.026170448662052426,179.87457962036132,-5.374594879150379,-1.3355865478515625
2023-08-25,176.70620727539062,177.2404448053197,173.9459523611551,175.4893219988908,51449600.0,0.01264311018394415,179.03582077026368,-2.3296134948730582,0.8112945556640625
2023-08-28,178.2693328857422,178.6650631932981,176.64681447093324,178.17039276078145,43820700.0,0.00884590097005189,178.2445915222168,0.024741363525379256,0.722198486328125
2023-08-29,182.1574554443359,182.9291401969668,177.58670497165372,177.78457014737916,53003900.0,0.021810383735971772,177.68926391601562,4.46819152832029,6.598876953124972
2023-08-30,185.64984130859375,185.84772159478027,182.77087033679464,182.9687355268348,60813900.0,0.019172346559952036,177.4582374572754,8.191603851318348,10.961898803710938
2023-08-31,185.8674774169922,187.10415359099383,185.48163505454943,185.8377983965077,60794500.0,0.0011722935331610618,177.30774688720703,8.559730529785156,13.722137451171875
2023-09-01,187.44056701660156,187.8956554579994,186.27313669620688,187.4702460412081,45766500.0,0.008463501100196114,177.6894058227539,9.75116119384765,14.810440063476562
2023-09-05,187.677978515625,187.9549927788335,185.61025951662367,186.27311615331163,45280000.0,0.001266596141924925,178.23805313110353,9.439925384521473,13.712249755859375
2023-09-06,180.9603729248047,186.8370611072444,179.53571941437733,186.3918455631262,81755800.0,-0.03579325418970791,178.40389175415038,2.5564811706543082,5.619476318359375
2023-09-07,175.66737365722656,176.31045432139675,171.6902188794394,173.31273740579792,112488800.0,-0.029249493588176634,178.38461380004884,-2.717240142822277,-3.5220794677734375
2023-09-08,176.28077697753906,178.3188321743013,175.89493458078306,176.4489782367689,65551300.0,0.003491845455089626,178.40687408447266,-2.1260971069335994,1.780792236328125
2023-09-11,177.4481964111328,178.37817933531872,175.44972343125323,178.15063513987275,58953100.0,0.006622499932267045,178.48453826904296,-1.0363418579101449,0.7419891357421875
2023-09-12,174.4208221435547,178.2100000030001,172.95660168355545,177.57682236385347,90370200.0,-0.01706060883574123,178.32822265625,-3.907400512695318,-3.8485107421875
2023-09-13,172.35308837890625,175.41014819975618,172.12552909799857,174.6285604188278,84267900.0,-0.011854856199144725,178.16794815063477,-5.814859771728521,-9.804367065429659
2023-09-14,173.86679077148438,174.22295413122683,171.72981061302968,172.14533201670497,60895800.0,0.008782566107840006,178.12689056396485,-4.260099792480474,-11.783050537109375
2023-09-15,173.14456176757812,174.61868528190746,171.967258666553,174.59889423512476,109259500.0,-0.004153921520616777,178.17685165405274,-5.032289886474615,-12.722915649414062
2023-09-18,176.07302856445312,177.46800307348116,174.2922116482627,174.59890495957814,67257600.0,0.016913420594786288,178.34899673461913,-2.27596817016601,-11.367538452148438
2023-09-19,177.1613006591797,177.71532920549458,175.24197669791334,175.62781908525017,51826900.0,0.006180799544367455,178.50877532958984,-1.3474746704101506,-10.516677856445312
2023-09-20,173.61947631835938,177.78459392537832,173.53042414564908,177.34928142287384,58436200.0,-0.01999208815718745,178.42270431518554,-4.803227996826166,-7.3408966064453125
2023-09-21,172.07608032226562,174.42082885900223,172.006834299268,172.68948203416045,63149100.0,-0.008889532607872175,178.06703567504883,-5.990955352783203,-3.5912933349609375
2023-09-22,172.9269256591797,175.19252525078977,172.19482290064929,172.80820955696336,56725400.0,0.004944588087551605,177.98838272094727,-5.061457061767584,-3.353851318359375
2023-09-25,174.2031707763672,175.08368369125543,172.29373473406022,172.3432048049037,46172700.0,0.007380256789522921,177.86323089599608,-3.660060119628895,-3.245025634765625
2023-09-26,170.12709045410156,173.3325457352886,169.83028512536117,172.95660640862047,64588900.0,-0.023398427847781678,177.45611877441405,-7.329028320312489,-4.293731689453125
2023-09-27,168.61338806152344,171.19556880826096,167.24810767663843,170.78004737841366,66921800.0,-0.008897480045874873,176.77891540527344,-8.16552734375,-3.7397003173828125
2023-09-28,168.87063598632812,170.19634944676713,165.8333515413796,167.5350194532839,56294400.0,0.001525667254315577,175.93995513916016,-7.069319152832037,-4.99615478515625
2023-09-29,169.38510131835938,171.22527642192762,168.5243642708508,170.18646521737097,51861100.0,0.0030465055634236737,175.1158363342285,-5.730735015869129,-3.75946044921875
2023-10-02,171.8979949951172,172.4421355524603,169.10804618991,169.39496352748424,52164500.0,0.014835387865871574,174.3387077331543,-2.4407127380371207,-4.1750335693359375
2023-10-03,170.56236267089844,171.77926282963776,168.99921735596456,170.4238555507343,49594600.0,-0.007769912175279781,173.48292694091796,-2.9205642700195256,-6.59893798828125
2023-10-04,171.80897521972656,172.35311583182798,169.14764530465982,169.26636140324675,53020300.0,0.007308837244670796,173.02535705566407,-1.2163818359375114,-1.8105010986328125
2023-10-05,173.04563903808594,173.57987653919332,170.83939772477277,171.93756684563112,48527900.0,0.007197899974537458,172.89427032470704,0.15136871337890057,0.9695587158203125
2023-10-06,175.59812927246094,176.09279974358,171.33405713065292,171.947458780219,57266700.0,0.014750387519521402,172.86013793945312,2.7379913330078125,2.67120361328125
2023-10-09,177.08216857910156,177.14152662960254,173.92616806085798,174.925397135301,42390800.0,0.008451338933901598,172.84183654785156,4.240332031250006,2.878997802734375
2023-10-10,176.48854064941406,177.80436599291428,176.05322819338144,176.20163840129018,43698000.0,-0.003352273887601065,172.94522247314453,3.543318176269537,6.3614501953125
2023-10-11,177.8834991455078,177.93296921037802,175.70695215651745,176.30054764652704,47551100.0,0.007903960738531834,173.22174301147462,4.661756134033197,9.270111083984375
2023-10-12,178.78382873535156,180.3964443900188,177.13161588848607,178.1506510638416,56743100.0,0.005061344049159366,173.46759490966798,5.316233825683582,9.913192749023438
2023-10-13,176.94366455078125,179.9908219020002,176.24122571645097,179.48626336769357,51427100.0,-0.01029267690253044,173.6575500488281,3.2861145019531364,7.558563232421875
2023-10-16,176.8150177001953,177.17118104988546,174.6285675347915,174.86601479996662,52517000.0,-0.0007270497698379508,173.69464950561525,3.1203681945800668,4.917022705078125
2023-10-17,175.26177978515625,176.51824728047166,172.9368371257381,174.76710920704838,57549400.0,-0.008784536151067779,173.59967346191405,1.6621063232421989,4.6994171142578125
2023-10-18,173.96572875976562,175.68718764266174,173.24351401125745,173.7085055181981,54764400.0,-0.007394943877549243,173.6169860839844,0.34874267578123863,2.1567535400390625
2023-10-19,173.5897674560547,175.94438862084118,173.3226411761323,174.16357191493293,59302900.0,-0.002161122804998694,173.69267044067382,-0.10290298461913494,0.54412841796875
2023-10-20,171.0373077392578,173.55022768989312,170.7998604218469,173.44139955643163,64244000.0,-0.014703975667477276,173.59818954467772,-2.5608818054199105,-4.560821533203125
2023-10-23,171.156005859375,172.15523490983713,168.1187215150264,169.08828663709707,55980100.0,0.000693989642880366,173.44583129882812,-2.289825439453125,-5.9261627197265625
2023-10-24,171.59130859375,171.81885280099095,169.62251453312876,171.20546620053886,43816600.0,0.0025433097260556536,173.51904220581054,-1.9277336120605355,-4.8972320556640625
2023-10-25,169.2762451171875,171.21534495437086,168.83102960610762,170.04792986204652,57157000.0,-0.01349172924628439,173.55218505859375,-4.27593994140625,-8.607254028320312
2023-10-26,165.11109924316406,169.55324523930184,163.90410215906684,168.554001286647,70625300.0,-0.024605613570527707,173.36420822143555,-8.253108978271484,-13.6727294921875
2023-10-27,166.42694091796875,167.1590586780216,165.05175755916278,165.13090664912622,58499100.0,0.007969431981473374,173.216300201416,-6.789359283447254,-10.5167236328125
2023-10-30,168.47488403320312,169.3455090048735,167.07002152646473,167.218431744534,51131000.0,0.012305358158591684,173.0451446533203,-4.570260620117182,-8.340133666992188
2023-10-31,168.94976806640625,169.07837213199355,166.1103491096919,167.54490564738762,44846000.0,0.002818723015767244,172.9645149230957,-4.014746856689442,-6.31201171875
2023-11-01,172.11566162109375,172.37288485640974,168.3066925856151,169.1773175299865,56934900.0,0.018738667657969943,172.97984924316407,-0.8641876220703182,-1.850067138671875
2023-11-02,175.67730712890625,175.88506030695757,173.58979679508,173.64915484595178,77334800.0,0.02069332607077512,173.11143264770507,2.5658744812011776,2.0875396728515625
2023-11-03,174.76707458496094,174.9352758328065,171.50226149314057,172.38277434389337,79829200.0,-0.005181275594561607,173.06987991333008,1.6971946716308537,3.729766845703125
2023-11-06,177.31959533691406,177.51746053122469,174.3317961816863,174.49998235165765,63841300.0,0.014605272520667123,173.0817512512207,4.237844085693354,6.1635894775390625
2023-11-07,179.88197326660156,180.4953598060514,177.06234560698942,177.27009874628624,70530000.0,0.014450619091583627,173.25142288208008,6.630550384521484,8.290664672851562
2023-11-08,180.94056701660156,181.4945955371222,179.65442075331012,180.40632954214095,49340300.0,0.005884935164854221,173.40427627563477,7.536290740966791,11.664321899414062
2023-11-09,180.4656982421875,182.1574629246798,179.87208759448916,181.00983881988668,53763500.0,-0.0026244461496049976,173.48836975097657,6.977328491210926,15.354598999023438
2023-11-10,184.6561279296875,184.8245507960472,181.8129830645044,182.2488690611252,66133400.0,0.023220089625433316,173.87399291992188,10.782135009765625,18.22918701171875
2023-11-13,183.07107543945312,184.2895637344097,182.48659891185952,184.0815368898242,43627500.0,-0.008583806603146837,174.18679580688476,8.884279632568365,14.59619140625
2023-11-14,185.68637084960935,186.3501007196846,184.55703694714765,185.94393292700153,60108400.0,0.014285683327518228,174.7080253601074,10.978345489501947,16.736602783203097
2023-11-15,186.2510528564453,187.72711849110289,186.0232088712412,186.09256123667055,53790500.0,0.0030410525244919384,175.3222915649414,10.928761291503918,14.135391235351562
2023-11-16,187.9351501464844,189.1734556093977,186.88505441646575,187.79646053927945,54412900.0,0.009042081986710304,176.0395606994629,11.895589447021507,12.257843017578153
2023-11-17,187.91534423828125,188.5988913131576,186.80582731444397,188.47010270019993,50922700.0,-0.00010538692835115882,176.88346252441406,11.031881713867193,13.148269653320312
2023-11-20,189.65887451171875,190.1145776039652,188.10357060538217,188.11347160798348,46505100.0,0.00927827517494606,177.80860595703126,11.850268554687489,12.339279174804688
2023-11-21,188.85646057128903,189.7282325393205,187.9648865974642,189.61926104331656,38134500.0,-0.004230827281325733,178.6718635559082,10.184597015380831,8.974487304687472
2023-11-22,189.5201873779297,191.12502655036587,189.0446822742513,189.69851123933077,39617700.0,0.003514451158477039,179.6840606689453,9.83612670898438,8.579620361328125
2023-11-24,188.19271850585935,189.11401054524023,187.47945332619432,189.08429242242372,24048300.0,-0.007004366608308499,180.83814163208007,7.35457687377928,7.727020263671847
2023-11-27,188.01437377929688,188.88614559455416,187.132700962878,188.1431623745596,40552600.0,-0.0009476707068074575,181.9175132751465,6.096860504150385,3.358245849609375
2023-11-28,188.61868286132812,189.29232889633607,187.62803848681267,188.0044881862593,38415400.0,0.003214164267784314,182.92470321655273,5.693979644775396,5.547607421875
2023-11-29,187.59832763671875,190.29288164913223,187.2020759179661,189.11401237919708,43014200.0,-0.005409619074477012,183.85713119506835,3.741196441650402,1.9119567871094034
2023-11-30,188.1728973388672,188.53944603911236,186.42936866830843,188.06392585220516,48794400.0,0.003062765587447558,184.65999298095704,3.512904357910145,1.921844482421875
2023-12-01,189.45083618164065,189.76783452208105,187.4596313087432,188.54934617033052,45704800.0,0.006791301302398134,185.34866943359376,4.102166748046898,1.51568603515625
2023-12-04,187.6577606201172,188.2719704243489,185.69628894913777,188.2026180609542,43389500.0,-0.009464595657969643,185.99320373535156,1.6645568847656307,-0.2575836181640625
2023-12-05,191.6104431152344,192.58127042048943,188.40074973234695,188.43048297188668,66628400.0,0.021063250899166386,186.70774612426757,4.902696990966831,1.9515686035156534
2023-12-06,190.520751953125,192.9379117653359,190.3127099631217,192.6308143978356,41089700.0,-0.005687013423658072,187.23968505859375,3.28106689453125,1.664291381835966
2023-12-07,192.45248413085935,193.17565028147504,191.77883810543793,191.8184723448333,47477700.0,0.010139221884919003,187.81528091430664,4.637203216552706,2.932296752929659
2023-12-08,193.87901306152344,194.15639227120215,191.8580901155405,192.3831304135776,53406400.0,0.007412369536857311,188.48594665527344,5.39306640625,5.686294555664091
2023-12-11,191.3726806640625,191.6797931299085,189.62915193698308,191.30334341541183,60943700.0,-0.012927301196162033,188.8217742919922,2.550906372070301,3.358306884765625
2023-12-12,192.88839721679688,192.8982982200226,189.92636472047343,191.2736418449105,52696900.0,0.007920234735045995,189.31264038085936,3.5757568359375114,4.26971435546875
2023-12-13,196.10797119140625,196.1475903161728,193.02706651664724,193.26481149731427,70404200.0,0.01669138227630529,189.8337203979492,6.274250793457043,8.5096435546875
2023-12-14,196.2565765380859,197.75244424587424,194.32482284497263,196.16742216364264,66831600.0,0.0007577731072165861,190.33399658203126,5.922579956054648,8.083679199218722
2023-12-15,195.7216339111328,196.54385551373443,195.15695931123605,195.68199966761293,128538400.0,-0.002725730960915218,190.72332077026368,4.998313140869129,6.270797729492159
2023-12-18,194.0573272705078,194.79040955452615,192.5713606983871,194.25545312358383,55751900.0,-0.008503437291866645,191.030419921875,3.026907348632818,6.399566650390625
2023-12-19,195.09750366210935,195.10740466398735,194.05732405565033,194.32480226669028,40714100.0,0.005360150045514933,191.30235137939454,3.7951522827148096,3.487060546874943
2023-12-20,193.0072479248047,195.8305753609382,193.0072479248047,195.05787394759355,52242800.0,-0.010713903038578998,191.5098907470703,1.4973571777343864,2.4864959716796875
2023-12-21,192.8586273193359,195.236182736706,191.68967428738756,194.26535554386368,46482500.0,-0.0007700260330465447,191.67681274414062,1.1818145751952898,0.4061431884765625
2023-12-22,191.78875732421875,193.58182122700063,191.164646529934,193.3539621368764,37149600.0,-0.005547431349003928,191.8566146850586,-0.06785736083983807,-2.0902557373046875
2023-12-26,191.2438812255859,192.07601879271365,191.02593827476215,191.79863960367103,28919300.0,-0.0028410221028323246,192.01809005737306,-0.7742088317871492,-0.12879943847659092
2023-12-27,191.3429718017578,191.6897034098951,189.3022466284661,190.6891579449803,48087700.0,0.0005181372367935033,192.15430450439453,-0.8113327026367188,-1.5454254150390625
2023-12-28,191.7689514160156,192.8388492190412,191.36278357008257,192.32370988068791,34049900.0,0.002226262141988178,192.3628356933594,-0.5938842773437898,-4.339019775390653
2023-12-29,190.7287750244141,192.58127531145587,189.9362564400636,192.0859530857412,42672100.0,-0.005424112630959654,192.49062957763672,-1.7618545532226335,-5.527801513671818
2024-01-02,183.90325927734375,186.67706712531708,182.169631261865,185.39912715178363,82488700.0,-0.03578650230515368,192.21325073242187,-8.30999145507812,-11.818374633789062
2024-01-03,182.52621459960935,184.14096966630487,181.7138790075681,182.4964964795135,58414500.0,-0.007487875327199522,191.9566734313965,-9.43045883178715,-11.531112670898466
2024-01-04,180.2081298828125,181.37708304150152,179.18776734055538,180.44587486910356,71983600.0,-0.01270000981438102,191.38655776977538,-11.17842788696288,-14.889373779296847
2024-01-05,179.48495483398438,181.05017488447825,178.48440937769652,180.28738953880892,62379700.0,-0.004012999021178465,190.83476791381835,-11.349813079833979,-13.522293090820312
2024-01-08,183.8239898681641,183.86362411289957,179.80197564152536,180.38645226507356,59144500.0,0.02417492339785876,190.4033432006836,-6.579353332519503,-9.034637451171818
2024-01-09,183.40789794921875,183.41779895114087,181.0204413910758,182.19931060924736,42841800.0,-0.0022635343691743692,189.87978744506836,-6.471889495849609,-8.380859375
2024-01-10,184.44808959960935,184.6561164657865,182.1993225017619,182.6253074687535,46792900.0,0.00567146596205248,189.5335578918457,-5.0854682922363565,-6.7957916259765625
2024-01-11,183.8536834716797,185.3000308909078,181.90211286972465,184.7947925921475,49128400.0,-0.0032226201378391384,189.08182220458986,-5.228138732910168,-7.489288330078125
2024-01-12,184.1806182861328,184.99295400827785,183.45745205458948,184.31930790747035,40477800.0,0.001778233692573794,188.48545455932617,-4.304836273193359,-7.588333129882784
2024-01-16,181.9120178222656,182.53611345296787,179.23726611684987,180.45576949057303,65603000.0,-0.012317259465069452,187.76822662353516,-5.85620880126956,-8.816757202148494
2024-01-17,180.97091674804688,181.2185778549055,178.613193289656,179.57411959355028,47317400.0,-0.005173385933953001,187.03069076538085,-6.059774017333979,-2.932342529296875
2024-01-18,186.865234375,187.37045751332872,184.09142738261565,184.34898945226777,78005800.0,0.03257052421942119,186.67108612060548,0.19414825439451988,4.339019775390653
2024-01-19,189.7678375244141,190.15418823308323,187.0534815615711,187.5587047602819,68903000.0,0.015533136268617964,186.40460281372071,3.3632347106933764,9.559707641601591
2024-01-22,192.07603454589844,193.50256484427592,190.4612794003693,190.5009136397872,60133900.0,0.012163267767581587,186.3580421447754,5.717992401123041,12.591079711914062
2024-01-23,193.3539581298828,193.91863266844476,192.01659731903075,193.19546652112328,42355600.0,0.006653217237671649,186.38280868530273,6.971149444580078,9.529968261718722
2024-01-24,192.6803436279297,194.54276001272405,192.52183688964195,193.59173469903223,53631300.0,-0.0034838412850107803,186.4273880004883,6.252955627441395,9.272445678710938
2024-01-25,192.3534393310547,194.43379881211092,191.30335858737243,193.3936190715828,54822100.0,-0.0016966146661345771,186.4828659057617,5.870573425292974,7.905349731445341
2024-01-26,190.6197967529297,192.93790105900956,190.14429166563912,192.4524949693292,44594000.0,-0.009012797401252937,186.44670715332032,4.173089599609369,6.76611328125
2024-01-29,189.93624877929688,190.4018528619721,187.8063693410428,190.2136280052267,47145600.0,-0.0035859233158179737,186.35507202148438,3.5811767578125,5.7556304931640625
2024-01-30,186.28076171875,190.00559424490717,185.71610228505008,189.15363947733223,55859400.0,-0.019245863199048974,186.13267135620117,0.14809036254882812,4.368743896484403
2024-01-31,182.67481994628903,185.349571899096,182.62529981948688,185.2901205380725,55467800.0,-0.01935756402964084,186.07124938964844,-3.396429443359409,1.703903198242159
2024-02-01,185.11180114746097,185.20095550981347,182.10024901841177,182.26865674153308,64885400.0,0.013340542510940745,186.200528717041,-1.088727569580044,-1.753433227539034
2024-02-02,184.11126708984375,185.5774165638072,177.57300802816712,178.1773017145222,102551700.0,-0.0054050257812584546,186.39568557739258,-2.284418487548834,-5.656570434570341
2024-02-05,185.92413330078125,187.47945226083425,184.10135123689923,186.3897373769733,69668800.0,0.009846579405989653,186.71764450073243,-0.7935111999511832,-6.1519012451171875
2024-02-06,187.5289764404297,187.53887744205016,185.02264747144727,185.11180183413052,43490800.0,0.008631709671880872,186.90289382934571,0.626082611083973,-5.824981689453125
2024-02-07,187.6379547119141,189.26261088240537,186.84543618864265,188.85644306077413,53439000.0,0.0005811276398610676,187.11439666748046,0.5235580444336279,-5.042388916015597
2024-02-08,186.5581512451172,187.76672344535,185.59722501634783,187.6181328392653,40962000.0,-0.005754717740633852,187.21989974975585,-0.6617485046386662,-5.7952880859375
2024-02-09,187.32191467285156,188.45268968737696,186.4787864459619,187.12352087688575,45155200.0,0.0040939697495763205,187.39331130981446,-0.071396636962902,-3.297882080078125
2024-02-12,185.63568115234375,187.1433864030788,185.27859346494137,186.8954092628083,41781900.0,-0.009001795243512967,187.466064453125,-1.83038330078125,-4.300567626953125
2024-02-13,183.5427398681641,184.7032861176272,182.02512109310905,184.26684396147397,56529500.0,-0.011274455811445372,187.54760055541993,-4.004860687255842,-2.738021850585909
2024-02-14,182.6599578857422,184.0287965614488,180.9638026996327,183.82050423664705,54630500.0,-0.0048096807482332915,187.63205261230468,-4.972094726562489,-0.014862060546846578
2024-02-15,182.3722991943359,182.99720639873473,179.8826142837668,182.06480997798815,65434500.0,-0.0015748316967543197,187.40740585327148,-5.035106658935575,-2.739501953125057
2024-02-16,180.8348388671875,183.35429496994237,180.2000180232841,181.9358579237584,49752500.0,-0.008430339113672636,186.96075592041015,-6.125917053222651,-3.27642822265625
2024-02-20,180.09092712402344,180.9538827825082,178.54355209419236,180.31906186936408,53665600.0,-0.004113763408777782,186.36150054931642,-6.27057342529298,-5.8332061767578125
2024-02-21,180.84475708007812,181.41013702999712,179.19818540957374,180.46782702325083,41371400.0,0.0041858297255339405,185.73604049682618,-4.891283416748053,-6.6842193603515625
2024-02-22,182.878173828125,183.463411373256,180.98364000764028,181.99537582737872,52292200.0,0.01124399059656711,185.24593200683594,-2.367758178710943,-4.759780883789091
2024-02-23,181.0431365966797,183.54273502175585,180.7554746671187,183.51297897874215,45119700.0,-0.010034205794125728,184.6804168701172,-3.6372802734375114,-5.5150146484375
2024-02-26,179.69415283203125,181.28119739799624,179.18826979539264,180.7654158601022,40867400.0,-0.007451173184508164,184.13413467407227,-4.439981842041021,-7.6277618408203125
2024-02-27,181.15223693847656,182.43179212202116,178.10707086865912,179.63461828889808,54318900.0,0.008114254601307325,183.69493408203124,-2.542697143554676,-4.4834442138671875
2024-02-28,179.95204162597656,181.6382830805114,178.67248629654023,181.03321827875988,48953900.0,-0.00662534083367472,183.37849807739258,-3.4264564514160156,-3.5906982421875284
2024-02-29,179.2874755859375,181.09275646398507,178.07734590919267,179.80327228471162,136682600.0,-0.0036930175064106008,183.209130859375,-3.9216552734374943,-3.3724822998046875
2024-03-01,178.206298828125,179.06925444803085,175.94474848019505,178.09718827908785,73563100.0,-0.006030408729215786,182.8638557434082,-4.657556915283209,-4.166000366210909
2024-03-04,173.6831817626953,175.46860492728393,172.38376893378626,174.7246735635979,81510100.0,-0.025381353494087766,182.3424514770508,-8.659269714355474,-7.1516571044921875
2024-03-05,168.74346923828125,170.6479317427376,168.24751498810025,169.37829007310003,95132400.0,-0.02844093754087962,181.4834182739258,-12.739949035644543,-11.347457885742188
2024-03-06,167.75157165527344,169.85442810491517,167.31512946505867,169.67587669286206,68587700.0,-0.005878139091754497,180.49454803466796,-12.74297637939452,-13.093185424804688
2024-03-07,167.6325225830078,169.34851990765398,167.12665473872153,167.78130279152694,71765100.0,-0.0007096748548518494,179.49427642822266,-11.86175384521485,-15.245651245117188
2024-03-08,169.34852600097656,172.29449531822434,167.57301652903823,167.6325286145872,76267000.0,0.010236697458985144,178.63379516601563,-9.285269165039068,-11.694610595703125
2024-03-11,171.35218811035156,172.9690037589795,170.65785520874886,171.54065314121274,60139500.0,0.011831588716416874,177.83530883789064,-6.483120727539074,-8.341964721679688
2024-03-12,171.8282928466797,172.62182261661565,169.62625492438514,171.74893835615396,59825400.0,0.0027785156500104158,177.14493942260742,-5.316646575927734,-9.323944091796875
2024-03-13,169.74530029296875,171.78862930722158,169.3782838692582,171.3720295685671,52488700.0,-0.012122523707836397,176.45506744384767,-6.709767150878918,-10.206741333007812
2024-03-14,171.6001739501953,172.8995716896694,170.65786388331372,171.51090581587792,72913500.0,0.010927393300581345,175.9020782470703,-4.301904296874994,-7.6873016357421875
2024-03-15,171.22323608398438,171.22323608398438,168.91208752136302,169.78497182252738,121752700.0,-0.002196605385262229,175.34462509155273,-4.121389007568354,-6.983062744140625
2024-03-18,172.31434631347656,176.27206668827822,172.11596763998543,174.1493830977455,75604200.0,0.006372442516838106,174.9186004638672,-2.6042541503906307,-1.36883544921875
2024-03-19,174.65524291992188,175.18095319129145,171.62991909909198,172.92931675607417,55215200.0,0.013585036049097887,174.6468162536621,0.008426666259765625,5.911773681640625
2024-03-20,177.2243194580078,177.2243194580078,173.67328461909122,174.29819192169327,53423100.0,0.01470941550414162,174.4657943725586,2.7585250854492074,9.472747802734375
2024-03-21,169.98336791992188,176.05385870042272,169.45765758517675,175.61741650508932,106181300.0,-0.04085755025173976,173.82105407714843,-3.837686157226557,2.3508453369140625
2024-03-22,170.88601684570312,171.64979072547655,168.6839784855534,170.3702201223851,71160100.0,0.005310219092767188,173.3131980895996,-2.4271812438964844,1.5374908447265625
2024-03-25,169.4675750732422,170.54875171721093,168.078894077347,169.1898419011277,54288300.0,-0.008300513983784175,172.80186920166017,-3.33429412841798,-1.884613037109375
2024-03-26,168.33680725097656,170.0329624014482,168.20785429573576,168.6244540719099,57388400.0,-0.006672473018964897,172.16109771728514,-3.8242904663085824,-3.491485595703125
2024-03-27,171.9076690673828,172.19533102381604,168.73356472173438,169.03114031499092,60273300.0,0.02121260272616654,171.75887908935547,0.14878997802733807,2.1623687744140625
2024-03-28,170.09246826171875,170.8363996494882,169.13031578937776,170.36028779920613,65672700.0,-0.01055916129577994,171.29912872314452,-1.2066604614257699,-1.5077056884765625
2024-04-01,168.65420532226562,169.86433493378763,168.1086526063626,169.80482284392966,46240500.0,-0.008455770876580448,170.82152404785157,-2.167318725585943,-2.56903076171875
2024-04-02,167.47381591796875,167.96977013364764,166.86875116942764,167.71187939021036,49329500.0,-0.006998873239130843,170.51105575561525,-3.0372398376464957,-4.8405303955078125
2024-04-03,168.2772674560547,169.29893197888933,167.21593325359058,167.4242255584593,47691700.0,0.004797475555698094,170.4877456665039,-2.2104782104492244,-6.3779754638671875
2024-04-04,167.45399475097656,170.5289019190824,167.45399475097656,168.9120862737285,53704400.0,-0.004892358412541542,170.47286682128907,-3.0188720703125114,-9.77032470703125
2024-04-05,168.2078399658203,169.01128340394683,167.58293278713433,168.217753601793,42104800.0,0.004501804904474271,170.5016326904297,-2.293792724609375,-1.7755279541015625
2024-04-08,167.0869903564453,167.83092176064616,166.87869803905005,167.6622991252661,37425500.0,-0.006663480189762594,170.38855590820313,-3.301565551757818,-3.7990264892578125
2024-04-09,168.29708862304688,168.70377468070268,166.98777746600817,167.33493630874918,42373800.0,0.007242324875324391,170.23580093383788,-1.9387123107910043,-1.1704864501953125
2024-04-10,166.4224090576172,167.72180678766216,165.75783217031642,167.43415997850798,49709300.0,-0.011139108708104972,169.96550674438475,-3.5430976867675668,-1.914398193359375
2024-04-11,173.6236572265625,174.040272115757,166.7993370367697,166.97787330186227,91070300.0,0.04327090449971904,170.15942459106446,3.4642326354980355,1.7159881591796875
2024-04-12,175.12144470214844,176.91679662448954,172.80038249764078,172.8499658132502,101670900.0,0.008626632450389415,170.33548812866212,4.785956573486317,5.0289764404296875
2024-04-15,171.2926788330078,175.20080068867838,171.10421379905583,173.94107267383276,73531800.0,-0.021863489509538314,170.33896026611328,0.9537185668945369,2.6384735107421875
2024-04-16,168.0094451904297,172.35399357547163,166.9084262901455,170.3602631929335,73711200.0,-0.019167390369199233,170.12371520996095,-2.1142700195312614,0.5356292724609375
2024-04-17,166.640625,169.26917642354965,166.640625,168.2375982616629,50901200.0,-0.00814728117742547,169.72298431396484,-3.0823593139648438,-1.6366424560546875
2024-04-18,165.6884002685547,167.27546002889196,165.20237475763562,166.67039519798726,43122900.0,-0.005714241238865436,169.14618835449218,-3.4577880859374943,-1.765594482421875
2024-04-19,163.66490173339844,165.05356757276493,162.7523477339115,164.86511767231858,68149400.0,-0.012212674706717386,168.83026504516602,-5.165363311767578,-4.542938232421875
2024-04-22,164.49807739257812,165.90658543557495,163.43674332676036,164.18067459044096,48116400.0,0.005090741205691751,168.51086807250977,-4.012790679931641,-2.5889129638671875
2024-04-23,165.5495147705078,165.69831011966792,163.58554027123327,164.01206877643943,49537800.0,0.006391791287751136,168.31496505737306,-2.7654502868652457,-2.7475738525390625
2024-04-24,167.65237426757812,167.93010742906517,164.86511388137603,165.19243035823263,48251800.0,0.01270229936937839,168.28074340820314,-0.6283691406250114,1.2299652099609375
2024-04-25,168.5153350830078,169.2295104164757,166.78940883790665,168.15824741627387,50558300.0,0.005147322363907358,168.1111267089844,0.40420837402342613,-5.1083221435546875
2024-04-26,167.9300994873047,169.95358601606148,167.81106018420974,168.50540819041237,44838400.0,-0.003472892217286083,168.00300827026368,-0.07290878295899006,-7.19134521484375
2024-04-29,172.0961151123047,174.60564226594082,171.69935778865286,171.96716217122307,68169400.0,0.024808034043444005,168.17510375976562,3.921011352539068,0.803436279296875
2024-04-30,168.95176696777344,173.5740639461448,168.62443536523762,171.92749229774822,65934800.0,-0.01827088393296583,168.24900131225587,0.7027656555175668,0.94232177734375
2024-05-01,167.9300994873047,171.31251085120192,167.74163446478235,168.20783263565716,50383100.0,-0.006047095563455285,168.23164291381835,-0.3015434265136605,1.2894744873046875
2024-05-02,171.6299285888672,172.0167723030629,169.50724497899176,171.11413192483198,94214900.0,0.02203195920718315,168.4404396057129,3.189488983154291,5.9415283203125
2024-05-03,181.89617919921875,185.48688300008857,181.1820038934194,185.13970898312533,163224100.0,0.059816202772792426,169.1248565673828,12.771322631835943,18.231277465820312
2024-05-06,180.2397003173828,182.70954279745968,178.9601298757301,180.87452115240256,78569700.0,-0.009106727195306918,169.7824920654297,10.45720825195312,15.741622924804688
2024-05-07,180.92410278320312,183.40387401178495,179.8528549315395,181.965609726272,77305800.0,0.0037971793373776652,170.4138427734375,10.51026000976563,15.374588012695312
2024-05-08,181.26133728027344,181.5886688519262,179.981767033329,181.3704478041577,45057100.0,0.0018639556138875246,171.15578918457032,10.105548095703114,13.608963012695312
2024-05-09,183.0765686035156,183.1658367406673,180.63646690744056,181.0828227285221,48983000.0,0.010014442961078673,171.62843475341796,11.448133850097634,14.561233520507784
2024-05-10,181.8151092529297,183.84134031553504,180.9013175850214,183.65261967053823,50759500.0,-0.006890337524939172,171.96311798095704,9.85199127197265,13.885009765625
2024-05-13,185.02333068847656,185.8378061410755,183.37452561798457,184.18900107058352,72044800.0,0.017645516089005664,172.64965057373047,12.373680114746094,12.927215576171875
2024-05-14,186.1655731201172,187.029714327999,185.0332642686859,186.24503525163803,52393600.0,0.00617350486228041,173.55745697021484,12.608116149902344,17.21380615234375
2024-05-15,188.44012451171875,189.36384333151435,186.1059718662387,186.6423374407049,70400000.0,0.012217894820617525,174.64743194580078,13.792692565917974,20.510025024414062
2024-05-16,188.559326171875,189.81083584823088,188.3805477357399,189.18508101005293,52845200.0,0.0006325704807568222,175.7909782409668,12.768347930908192,16.929397583007812
2024-05-17,188.589111328125,189.5227724100756,187.90376371878455,188.23153932133224,41282900.0,0.00015796172406168374,177.0371887207031,11.551922607421886,6.69293212890625
2024-05-20,189.7512054443359,190.62527366658756,187.73490137733788,188.052749878466,44361300.0,0.006162042484992636,178.29984512329102,11.451360321044888,9.511505126953097
2024-05-21,191.05238342285156,191.42980957851577,189.6320225414164,189.8008738766071,42309400.0,0.006857284387040918,179.5749885559082,11.47739486694337,10.128280639648438
2024-05-22,189.61215209960935,191.5192128106237,188.9864124860383,190.9729201671483,34648500.0,-0.007538410657011219,180.67297744750977,8.939174652099581,8.350814819335909
2024-05-23,185.6193084716797,189.71151001586625,185.3709949768945,189.69164069264465,51005900.0,-0.021057952160324023,181.52817611694337,4.091132354736317,2.542739868164091
2024-05-24,188.6983642578125,189.2943226367172,186.771449342652,187.54620129756856,36327000.0,0.016588014530840578,182.56658935546875,6.13177490234375,6.8832550048828125
2024-05-28,188.70831298828125,191.69800175645932,187.82431762786635,190.21804799663707,52280100.0,5.272292904012765e-05,183.39719924926757,5.311113739013678,3.6849822998046875
2024-05-29,189.0062713623047,190.95305560689752,188.2315345598267,188.33086600869876,53068000.0,0.001578936133258324,184.39992446899413,4.606346893310558,2.8406982421875
2024-05-30,189.99951171875,190.88350698979508,189.343975732697,189.4730884200293,49889100.0,0.0052550656085976755,185.5033950805664,4.496116638183594,1.55938720703125
2024-05-31,190.9530487060547,191.2708972062775,188.62883838261533,190.1485155291603,75158300.0,0.005018628620036436,186.46955108642578,4.483497619628906,2.3937225341796875
2024-06-03,192.72103881835935,193.67456916074488,191.22123099586668,191.5986571441052,50080500.0,0.009258768709297982,187.01079406738282,5.710244750976528,4.131927490234347
2024-06-04,193.0388946533203,194.0023521144802,191.72779227719917,193.32693160548868,47471400.0,0.001649305321878014,187.6507537841797,5.388140869140614,3.2876892089844034
2024-06-05,194.5486297607422,195.5716800296083,193.55537589536917,194.08179923154876,54156800.0,0.007820885579215675,188.33198013305665,6.216649627685541,3.496246337890625
2024-06-06,193.16802978515625,195.1744070683784,192.86012347629529,194.36987376952155,41181800.0,-0.0070964261083915625,188.92731475830078,4.240715026855469,3.5558776855469034
2024-06-07,195.5617523193359,195.6114180436154,192.83030419832767,193.33685821193552,53103900.0,0.01239191877062673,189.55157394409179,6.010178375244124,9.942443847656222
2024-06-10,191.81719970703125,195.96900913658257,190.85374215435905,195.57169845948172,97010200.0,-0.01914767365241299,190.0516784667969,1.7655212402343636,3.11883544921875
2024-06-11,205.7525177001953,205.7624599378956,192.32373729563463,192.34359145933493,172373300.0,0.07264894917894704,191.0881378173828,14.664379882812511,17.044204711914062
2024-06-12,211.6326141357422,218.7145040828182,205.50422428227435,205.97105482418652,198134300.0,0.028578490806682844,192.36148986816406,19.27112426757813,22.6263427734375
2024-06-13,212.7946929931641,215.28775449802723,210.17250364841863,213.2913198778193,97862700.0,0.005491019719089829,193.57921829223633,19.215474700927757,22.79518127441409
2024-06-14,211.0565185546875,213.71843162956225,209.874544034183,212.40734441299963,70122700.0,-0.008168316671940845,194.70407791137694,16.35244064331056,20.103469848632812
2024-06-17,215.2083282470703,217.4729460060793,211.28497823555003,211.93058723086708,93728300.0,0.01967155395537823,196.03503875732423,19.173289489746082,22.487289428710966
2024-06-18,212.84437561035156,217.15510913678148,211.56308472355843,216.1221165738588,79943300.0,-0.010984484921999882,197.189697265625,15.654678344726562,19.80548095703125
2024-06-20,208.2654571533203,212.79470737847507,207.4410698062104,212.48678595825905,86172500.0,-0.021512987805765382,198.05035095214845,10.215106201171864,13.716827392578125
2024-06-21,206.09027099609375,210.46058238700795,205.71282963889428,208.9707014370345,241805100.0,-0.010444296365600514,198.87425689697267,7.216014099121082,12.9222412109375
2024-06-24,206.73587036132812,211.2651058128792,205.19632375372012,206.3187055335118,80727000.0,0.0031326047664161916,199.9300849914551,6.8057853698730355,11.174118041992216
2024-06-25,207.6595916748047,209.9540056652509,207.20268823087267,207.73903864641352,55549700.0,0.004468123078313013,200.87814636230468,6.781445312500011,15.842391967773438
2024-06-26,211.81138610839844,213.41052543273105,209.2189929218928,210.07319184959564,66213200.0,0.019993270718241085,202.03330001831054,9.778086090087896,6.058868408203125
2024-06-27,212.65565490722656,214.28459061162127,210.91746067332392,213.2416710401095,49772700.0,0.003985946243683314,203.21576919555665,9.439885711669916,1.023040771484375
2024-06-28,209.1991271972656,214.6123729638464,208.8812938369491,214.31439376890185,82542700.0,-0.016254106722291994,204.1757499694824,5.023377227783186,-3.5955657958984943
2024-07-01,215.2877960205078,216.04266357466884,210.49037757076027,210.65922892540735,60402900.0,0.029104656911407067,205.3924873352051,9.895308685302723,4.2312774658203125
2024-07-02,218.78402709960935,218.89328562800327,213.6489065767971,214.6918109818244,58046200.0,0.016239801529523312,206.69563674926758,12.088390350341768,3.575698852539034
2024-07-03,220.05538940429688,220.05538940429688,217.55238550522975,218.5158429342717,37369800.0,0.005811038043050054,208.0464614868164,12.008927917480463,7.2110137939453125
2024-07-05,224.81309509277344,224.9223536333555,220.15473164881905,220.15473164881905,60412400.0,0.0216204915560394,209.55968475341797,15.253410339355469,16.547637939453125
2024-07-08,226.2831115722656,226.31290797690275,221.7439339584199,225.55802531049065,59085900.0,0.006538838313157491,211.21543884277344,15.067672729492159,20.192840576171847
2024-07-09,227.1372985839844,227.85244261706796,224.84288445944628,226.39235814584333,48076100.0,0.0037748597576889864,212.79421615600586,14.343082427978544,20.40142822265628
2024-07-10,231.4082946777344,231.50762613234983,227.70346178953025,227.7531275168379,62627700.0,0.018803587611440964,214.773770904541,16.634523773193393,23.748703002929716
2024-07-11,226.0347900390625,230.82226580227743,224.2469300453064,229.82901193417425,64710600.0,-0.023220881715390496,215.7878845214844,10.246905517578114,14.223403930664062
2024-07-12,228.9847412109375,231.07058040656065,227.13728840093884,227.37567478656337,53046500.0,0.013050872263359103,216.65549087524414,12.32925033569336,16.329086303710938
2024-07-15,232.81871032714844,235.62962070976812,231.5175501306247,234.88468027763452,62631300.0,0.01674333886151458,217.65669174194335,15.16201858520509,23.61958312988284
2024-07-16,233.2358856201172,234.67610072880163,230.76267797901863,233.4146640454283,43234300.0,0.0017918460779313694,218.76566009521486,14.470225524902332,17.948089599609375
2024-07-17,227.33595275878903,229.8985495862513,225.11105861290636,227.902099588984,57345900.0,-0.025295990990587436,219.37204132080078,7.9639114379882585,8.551925659179688
2024-07-18,222.6676483154297,228.88542732552744,220.7705449165008,228.7265030667722,66034600.0,-0.02053482692336206,219.8632049560547,2.804443359375,2.6122589111328125
2024-07-19,222.7967834472656,225.2699911539264,221.7737331263721,223.30335264411235,49151500.0,0.0005799456401183178,220.58977127075195,2.2070121765136435,-2.016311645507841
2024-07-22,222.44915771484375,226.24337986146955,221.58501648633228,225.47857008869343,48201800.0,-0.0015602816478906822,221.40771560668946,1.0414421081542855,-3.8339538574218466
2024-07-23,223.49203491210935,225.40902265142745,221.17775171010015,222.85635307829335,39960300.0,0.004688159793360347,222.24552383422852,1.2465110778808253,-3.645263671875057
2024-07-24,217.06570434570312,223.2834835656707,215.66522784122515,222.48887740092556,61777600.0,-0.028754181637539955,222.71582946777343,-5.650125122070307,-14.342590332031278
2024-07-25,216.0227813720703,219.36011485373604,213.17213256832727,217.45305415919788,51391200.0,-0.004804641879178839,222.92639923095703,-6.903617858886719,-10.012008666992188
2024-07-26,216.4896240234375,218.0093012590926,214.55276681781487,217.22462220056255,41601300.0,0.002161080643448887,223.11809768676758,-6.628473663330084,-12.4951171875
2024-07-29,216.76773071289065,217.82057739339885,214.2945231128628,215.49636696784097,36311800.0,0.0012846190236952548,223.49652786254882,-6.728797149658163,-16.050979614257784
2024-07-30,217.32394409179688,218.84362126060284,214.66201590891492,217.71131248471113,41643800.0,0.0025659417897534453,223.59833526611328,-6.274391174316406,-15.911941528320312
2024-07-31,220.58181762695312,222.31008478832948,219.14160257039833,219.94613576688096,50036300.0,0.01499086328830912,223.68822479248047,-3.1064071655273438,-6.754135131835909
2024-08-01,216.8869171142578,222.96562598955987,215.5559605569344,222.85636745689297,62501000.0,-0.01675070299286463,223.52980117797853,-6.6428840637207145,-5.780731201171875
2024-08-02,218.3767852783203,224.07806765618477,216.24129562954897,217.6715683981697,105568600.0,0.006869331649347998,223.20798568725587,-4.831200408935558,-4.419998168945284
2024-08-05,207.85826110839844,212.0597211288106,194.67777677399005,197.74692788266515,119548600.0,-0.04816686057776731,222.2867431640625,-14.428482055664062,-14.590896606445312
2024-08-06,205.8319854736328,208.5733757245506,199.7135534430835,203.91501287026543,69660500.0,-0.009748352670519655,221.22147750854492,-15.38949203491211,-17.660049438476534
2024-08-07,208.404541015625,212.198763040644,204.9976722503432,205.5042262843129,63516400.0,0.012498327391015307,220.07128982543946,-11.666748809814464,-8.661163330078125
2024-08-08,211.8710021972656,212.75499762550604,207.42122864939225,211.67235443417223,47161100.0,0.016633328452189122,219.36310043334962,-7.4920982360840185,-4.151779174804716
2024-08-09,214.78121948242188,215.317569896599,210.54002126961797,210.66914912089348,42201600.0,0.013735797985449105,218.65292434692384,-3.8717048645019645,-1.708404541015625
2024-08-12,216.31260681152344,218.28152162650585,214.393415209592,214.86078610016068,38028100.0,0.007129987122672432,217.82761917114257,-1.515012359619135,-0.4551239013672159
2024-08-13,220.0316619873047,220.648187288632,217.7843004144017,217.7843004144017,44155300.0,0.017192965452178743,217.16740798950195,2.8642539978027344,2.7077178955078125
2024-08-14,220.4791717529297,221.7818380668704,218.4704721927748,219.33561365974072,41960600.0,0.00203384259148498,216.82456893920897,3.6546028137207145,-0.1026458740234375
2024-08-15,223.46237182617188,224.08885093177264,221.51333414952188,223.3430482530648,46414000.0,0.013530530115493988,216.8643051147461,6.598066711425787,6.5754547119140625
2024-08-16,224.7849273681641,225.56056092969672,222.39834972442236,222.6668429336895,44340200.0,0.005918470886995708,216.963712310791,7.821215057373081,6.408142089843778
2024-08-19,224.62582397460935,224.72527040192085,221.791767703572,224.4567771868955,40687800.0,-0.0007078027669272791,217.0725456237793,7.553278350830055,16.76756286621091
2024-08-20,225.24232482910156,225.89863476179528,224.18825957723195,224.50647597128693,30299000.0,0.0027445680268796124,217.1600601196289,8.082264709472668,19.41033935546875
2024-08-21,225.13294982910156,226.70410920432383,223.7905141872767,225.25228856886343,34765500.0,-0.00048558813306065485,217.56342239379882,7.569527435302746,16.728408813476562
2024-08-22,223.27342224121097,227.06209724349452,222.64694316501192,226.51517227009805,43695300.0,-0.008259686506582709,217.92595443725585,5.347467803955112,11.40242004394537
2024-08-23,225.57049560546875,226.9427773475752,223.07454817990703,224.39710671028325,38677300.0,0.01028816301196911,218.37999801635743,7.190497589111317,10.789276123046875
2024-08-26,225.90858459472656,226.00803101617393,222.6370036872603,225.490936936756,30602200.0,0.0014988174244612296,218.83704071044923,7.071543884277332,9.595977783203125
2024-08-27,226.7538299560547,227.569248113113,223.63140355832627,224.73519205544585,35934600.0,0.003741537148065799,219.30853500366212,7.445294952392572,6.72216796875
2024-08-28,225.22247314453125,228.57360836626123,224.41699349604747,226.64446298605537,38052200.0,-0.0067533889585027485,219.54056777954102,5.681905364990229,4.7433013916015625
2024-08-29,228.5039825439453,231.61647047641185,227.59908685526068,228.81226038667728,51906300.0,0.01457007976867497,220.12142105102538,8.382561492919933,5.0416107177734375
2024-08-30,227.71841430664065,229.11057321557684,226.2069166530855,228.90175696593343,52990800.0,-0.003437875474024077,220.5885025024414,7.129911804199253,2.9334869384765625
2024-09-03,221.5233154296875,227.71844620227264,219.9322634479987,227.27096757410897,50190600.0,-0.02720508526205956,221.27175521850586,0.2515602111816406,-3.1025085449218466
2024-09-04,219.6140289306641,220.53881694406624,216.2628786668988,220.41949337418052,43840200.0,-0.008618896369079643,221.96085739135742,-2.346828460693331,-5.628295898437472
2024-09-05,221.13546752929688,224.2181094473344,220.28027986462445,220.38966486266608,36615400.0,0.006927784195030373,222.597403717041,-1.4619361877441293,-3.9974822998046875
2024-09-06,219.5842132568359,223.97947540850993,218.5400864277892,222.69668624975697,48423000.0,-0.007014950110865614,222.98306427001953,-3.3988510131836165,-3.689208984375057
2024-09-09,219.67369079589844,220.03167667908036,215.49719894103853,219.58419811845144,67180000.0,0.0004074862110323707,223.22768783569336,-3.553997039794922,-5.8968048095703125
2024-09-10,218.878173828125,220.2405018848782,215.517084853391,217.69483113354613,51591000.0,-0.0036213575002596032,223.35596618652343,-4.477792358398432,-7.0304107666015625
2024-09-11,221.4138946533203,221.8414808899648,216.670585544778,220.22061344649163,44587100.0,0.011585078497532209,223.42507781982422,-2.011183166503912,-5.339935302734375
2024-09-12,221.5233154296875,222.29894909807683,218.58982756350775,221.25482218343083,37455600.0,0.0004941911009628264,223.4772850036621,-1.9539695739746037,-3.69915771484375
2024-09-13,221.2548065185547,222.78618142445663,220.66811202153605,222.3287642541488,36766600.0,-0.0012121022593580832,223.36690673828124,-2.112100219726557,-7.249176025390625
2024-09-16,215.10939025878903,216.00434741371936,212.72281255665072,215.32814508742544,59357400.0,-0.02777528929863171,222.8831298828125,-7.773739624023477,-12.60902404785162
2024-09-17,215.5767364501953,215.6861214463737,213.2995590231644,214.54256344637628,45519300.0,0.002172597815669697,222.4306755065918,-6.853939056396484,-5.9465789794921875
2024-09-18,219.45492553710935,221.46362499015893,216.322545198334,216.33249894497217,59894900.0,0.017989831142146473,222.14130554199218,-2.6863800048828352,-0.15910339355474434
2024-09-19,227.58914184570312,228.53383738270648,223.37288038958053,223.7308662842885,66781300.0,0.03706554450161237,222.26411514282228,5.325026702880848,6.45367431640625
2024-09-20,226.9228973388672,231.7855303113645,226.34614143297367,228.6829959505254,318679900.0,-0.0029274002328618653,222.44658889770508,4.476308441162104,7.338684082031278
2024-09-23,225.20257568359375,228.16589404695569,224.54626569168985,226.06770192621624,54146000.0,-0.007581084480445588,222.42819290161134,2.7743827819824105,5.5288848876953125
2024-09-24,226.09754943847656,228.06647955891447,224.466728085426,227.3703848763016,43556100.0,0.003974083121234928,222.43764114379883,3.6599082946777344,7.2193756103515625
2024-09-25,225.1031188964844,226.01796830972677,222.76627973963284,223.6711754067507,42308700.0,-0.004398236710047798,222.3551055908203,2.7480133056641023,3.689224243164091
2024-09-26,226.2467041015625,227.22121534991768,224.14851196557495,226.02793410267137,36636700.0,0.005080272590998636,222.40631713867188,3.8403869628906193,4.723388671875
2024-09-27,226.51516723632812,228.2354962210898,226.02791923090672,227.1814309358191,34026000.0,0.001186594676955366,222.306876373291,4.208290863037121,5.2603607177734375
2024-09-30,231.696044921875,231.696044921875,228.36478670449856,228.75260351180964,54541900.0,0.022872100569502063,222.50575790405273,9.190287017822271,16.586654663085966
2024-10-01,224.94403076171875,228.36476618305375,222.4878528116685,228.2355040411627,63285000.0,-0.02914168933022976,222.6767936706543,2.267237091064459,9.367294311523438
2024-10-02,225.5108337402344,226.09752818761768,221.771881889721,224.62581519597003,32880600.0,0.002519751142523452,222.9716339111328,2.539199829101591,6.055908203125057
2024-10-03,224.40704345703125,225.5406628776434,222.0702042586661,223.88001079844628,34044200.0,-0.004894621978448255,223.13521270751954,1.2718307495117074,-3.182098388671875
2024-10-04,225.53073120117188,226.72401244250625,222.87567550784985,226.6245660168141,37245100.0,0.005007363970533252,223.43253860473632,2.0981925964355526,-1.3921661376953125
2024-10-07,220.44932556152344,224.4269397639463,220.09133967636964,223.24359711098245,39505400.0,-0.0225308791071841,223.47132034301757,-3.0219947814941293,-4.7532501220703125
2024-10-08,224.50650024414065,224.71531649859696,222.00059897690352,223.0447257693685,31855700.0,0.018404114742845756,223.75273666381835,0.7537635803222997,-1.591049194335909
2024-10-09,228.25538635253903,228.46421777631028,223.57175408478048,223.9695094391901,33591100.0,0.01669834104723744,224.0948112487793,4.160575103759726,3.1522674560546307
2024-10-10,227.7581787109375,228.21561101279016,225.89864895817115,226.50523572074,28183500.0,-0.002178295327645019,224.40655441284179,3.3516242980957145,1.511474609375
2024-10-11,226.27655029296875,228.1261416619367,226.06771885321956,228.01675665509575,31759200.0,-0.006505269871556085,224.6576416015625,1.6189086914062614,-0.238616943359375
2024-10-14,230.00555419921875,230.43314046117197,227.32066753158787,227.4200987868959,39882100.0,0.016479851320969408,225.40244979858397,4.603104400634777,-1.69049072265625
2024-10-15,232.54129028320312,236.1609188169062,231.06956201546168,232.3026279543652,64751400.0,0.01102467326414236,226.25067749023438,6.290612792968744,7.597259521484375
2024-10-16,230.4828338623047,230.8209273987295,228.55368871280945,230.30384852186543,34082200.0,-0.008852003953325971,226.80207290649415,3.680760955810541,4.972000122070284
2024-10-17,230.8507843017578,232.5412825211578,229.22991678936268,232.12361966628396,32993800.0,0.0015964331628834927,226.96515502929688,3.885629272460932,6.4437408447265625
2024-10-18,233.6848297119141,234.8582185948981,232.7003647541102,234.8582185948981,46431500.0,0.012276524936782218,227.30325164794922,6.3815780639648665,8.154098510742216
2024-10-21,235.1565399169922,235.5244795369179,233.13790198735873,233.13790198735873,36254500.0,0.0062978422985027205,227.80094985961915,7.3555900573730355,14.70721435546875
2024-10-22,234.5400390625,234.89802497361623,231.29828871484364,232.5810627118631,38846600.0,-0.002621661531122199,228.22307434082032,6.316964721679682,10.033538818359347
2024-10-23,229.4685516357422,233.8240439244486,226.48534106504323,232.76997861721128,52287000.0,-0.02162312007378142,228.44134597778321,1.027205657958973,1.2131652832031534
2024-10-24,229.27963256835935,229.52823345451665,227.131717270346,228.6929229452488,31109500.0,-0.0008232895794920703,228.59299240112304,0.6866401672363054,1.5214538574218466
2024-10-25,230.1149444580078,231.91481257552053,228.2852454458818,228.4542922398222,38802300.0,0.003643201449214706,228.77298126220703,1.341963195800787,3.8383941650390625
2024-10-28,232.09378051757812,233.41633904858512,231.2485466113364,232.0142415868445,36087100.0,0.0085993374495128,228.7928680419922,3.300912475585932,2.088226318359375
2024-10-29,232.36227416992188,233.01858415019296,231.0198384903425,231.79547204033784,35417200.0,0.001156832603377067,229.16378021240234,3.1984939575195312,-0.17901611328125
2024-10-30,228.812255859375,232.1633908639167,228.26533088908343,231.30820323038637,47070900.0,-0.015277946143489762,229.32885131835937,-0.5165954589843693,-1.6705780029296875
2024-10-31,224.6457061767578,228.5437662121666,224.10871977089283,228.05650301771783,64370100.0,-0.018209469011913004,229.3407844543457,-4.695078277587896,-6.205078125
2024-11-01,221.66249084472656,224.0888378455061,219.03726617591775,219.7333456007168,65276700.0,-0.01327964545952176,229.14737243652343,-7.484881591796864,-12.022338867187528
2024-11-04,220.7675323486328,221.5431659237015,218.48041626355015,219.7532516264011,44944500.0,-0.00403748280858518,229.1632827758789,-8.3957504272461,-14.389007568359375
2024-11-05,222.1994781494141,222.6966799421733,219.90240829460964,220.55871830266648,28111300.0,0.00648621554785489,229.04793167114258,-6.848453521728487,-12.340560913085909
2024-11-06,221.4735565185547,224.80481443000403,219.95212032394844,221.36417152277417,54561100.0,-0.0032669817089816533,228.70884017944337,-7.235283660888683,-7.9949951171875
2024-11-07,226.20692443847656,226.6046949785728,223.31322152292373,223.37288331058951,42137700.0,0.021372158348508474,228.63127746582032,-2.4243530273437557,-3.072708129882784
2024-11-08,225.93814086914065,227.63048374280507,225.39061415381417,226.1471868576639,38328800.0,-0.0011882199008855787,228.6143569946289,-2.676216125488253,-4.176803588867159
2024-11-11,223.22042846679688,224.68381119249955,220.50272420052977,223.98696589218596,42005600.0,-0.012028568491752933,228.2751007080078,-5.0546722412109375,-8.87335205078125
2024-11-12,223.22042846679688,224.5743058460154,222.354350392842,223.53899499841924,40398300.0,0.0,227.8090576171875,-4.588629150390631,-9.141845703125
2024-11-13,224.1063995361328,225.62950954483912,221.75702475308145,223.00139666804327,48566200.0,0.003969041164472609,227.4902359008789,-3.383836364746088,-4.7058563232421875
2024-11-14,227.1924743652344,227.83954176018096,223.9869707245471,224.0068849307252,44923900.0,0.013770578776372888,227.30732040405275,-0.11484603881834232,2.546768188476591
2024-11-15,223.98696899414065,225.89832264008,223.2602599701844,225.3806596140688,47923700.0,-0.01410920577386987,226.82242736816406,-2.8354583740234034,2.324478149414091
2024-11-18,226.99337768554688,228.70563485331775,224.15620331601912,224.2358449505769,44633700.0,0.01342224820000526,226.4142692565918,0.5791084289550668,6.2258453369140625
2024-11-19,227.2521820068359,229.12372228231885,225.63948081886545,225.9580321395358,36211800.0,0.001140140403776746,226.04987640380858,1.2023056030273267,5.052703857421818
2024-11-20,227.96896362304688,228.89476915350485,224.872965299864,227.03319339435467,35169600.0,0.0031541242415416004,225.97489700317382,1.9940666198730526,6.4954071044921875
2024-11-21,227.4911193847656,229.1237348668511,224.69377351516383,227.8494991340082,42108300.0,-0.002096093392218945,225.88547134399414,1.605648040771456,1.284194946289034
2024-11-22,228.83502197265625,229.68120098473537,227.0331737980822,227.0331737980822,38168300.0,0.0059074947256190224,225.82147521972655,3.013546752929699,2.8968811035155966
2024-11-25,231.8215179443359,232.19981188776785,228.70562083004268,230.41787789282503,90152800.0,0.013050869337808413,225.80786209106446,6.013655853271445,8.601089477539034
2024-11-26,234.00167846679688,234.50939199708804,232.2794717613211,232.2794717613211,45986200.0,0.00940447867736105,225.88983230590821,8.11184616088866,10.78125
2024-11-27,233.8722381591797,234.6288260383393,232.75728573526553,233.41431778082384,33498400.0,-0.0005531597399869304,226.14283142089843,7.729406738281256,9.765838623046875
2024-11-29,236.2614593505859,236.73929396987336,232.91658663539664,233.75280101667175,28481400.0,0.010215924772482232,226.72361907958984,9.537840270996071,9.068984985351506
2024-12-02,238.51126098632812,239.70585504150455,236.0922091638524,236.20171450499868,48137100.0,0.0095225079957022,227.56605758666993,10.945203399658197,14.524291992187472
2024-12-03,241.5574951171875,241.6670004646685,237.82437898500297,238.73028547870095,38861000.0,0.012771867115465074,228.60555572509764,12.951939392089855,14.564117431640625
2024-12-04,241.91587829589844,243.01093178619985,240.16380790150487,241.7765092325954,44383900.0,0.0014836351011882076,229.59137573242188,12.324502563476557,14.663696289062528
2024-12-05,241.94573974609375,243.43898620611924,241.03984843814553,242.8914746561807,40033900.0,0.00012343733038799876,230.61498489379883,11.330754852294916,13.976776123046875
2024-12-06,241.74664306640625,243.5285923470879,240.9900703290189,241.81633519239523,36870600.0,-0.0008228980592773771,231.3919708251953,10.354672241210949,14.255523681640653
2024-12-09,245.63902282714844,246.1268220997756,240.66153502923257,240.74117665680967,44649200.0,0.016101070572768883,232.37701492309571,13.262007904052723,16.804000854492188
2024-12-10,246.65443420410156,247.0924555600448,244.23536723926503,245.7783914922151,36914800.0,0.004133754341091089,233.54871520996093,13.10571899414063,14.832916259765653
2024-12-11,245.38021850585935,249.6708108995408,245.15124311202536,246.84360125039836,45205800.0,-0.005165995504414211,234.65670471191407,10.723513793945273,11.378540039062472
2024-12-12,246.8435821533203,247.62006903646127,244.57383373711528,245.77839247075497,32777500.0,0.005963657773114361,235.79356384277344,11.050018310546875,12.971343994140625
2024-12-13,247.01283264160156,248.16759835190285,245.13134272203925,246.70423080565516,33155300.0,0.0006856588565309352,236.7845817565918,10.228250885009771,10.751373291015653
2024-12-16,249.90969848632812,250.24817919808956,246.53496239648825,246.8734431082497,51694800.0,0.01172759250500044,238.08071823120116,11.828980255126964,11.3984375
2024-12-17,252.33872985839844,252.68716009783537,248.655391740455,248.95404406138837,51356400.0,0.009719636279754917,239.34798583984374,12.990744018554693,10.781234741210938
2024-12-18,246.9331817626953,253.13512753347695,246.62457993830327,251.02467749046983,56774100.0,-0.021421793232994757,240.33203582763673,6.601145935058582,5.017303466796875
2024-12-19,248.6653289794922,250.86538527206417,245.9774886038804,246.38564624934875,60882300.0,0.007014639362892483,241.366854095459,7.298474884033197,6.7195892333984375
2024-12-20,253.34417724609375,253.8518755287198,244.58379575845777,246.92320588947405,147495300.0,0.018815844918160796,242.65950698852538,10.68467025756837,11.5975341796875
2024-12-23,254.12066650390625,254.49894524760987,252.30885365268375,253.62291772369176,40858800.0,0.0030649579802981552,243.92378921508788,10.19687728881837,8.481643676757812
2024-12-24,257.0375061035156,257.04744042152294,254.14058909817473,254.3397007808045,23234700.0,0.011478167595489586,245.18458862304686,11.852917480468761,10.383071899414062
2024-12-26,257.853759765625,258.9289141129315,256.47003399402934,257.0275101814573,27237100.0,0.0031756208441449107,246.37719268798827,11.47656707763673,12.473541259765653
2024-12-27,254.439208984375,257.5352220874343,251.9206014592013,256.6691137206059,42355300.0,-0.01324219892839118,247.40554122924806,7.033667755126942,7.5956268310546875
2024-12-30,251.0644989013672,252.3586488565982,249.62103037787767,251.0943626150189,35557500.0,-0.013263325634749412,248.14569320678712,2.9188056945800724,4.051666259765625
2024-12-31,249.29251098632812,252.1396347735265,248.30696287880588,251.30342042234355,39480700.0,-0.0070578991565637406,248.68475570678712,0.6077552795410099,-0.6171875
2025-01-02,242.75210571289065,247.9784683255357,240.73124671787497,247.80922035937212,55740700.0,-0.02623586744567774,248.74448623657227,-5.992380523681618,-9.586624145507784
2025-01-03,242.26431274414065,243.080612931882,240.80092995907523,242.26431274414065,40244100.0,-0.0020094283726911355,248.76190795898438,-6.497595214843727,-4.668869018554659
2025-01-06,243.89691162109375,246.2164228483008,242.10501290586,243.2100158477468,45045600.0,0.006738916097301262,248.85946655273438,-4.962554931640625,-4.7684173583984375
2025-01-07,241.11947631835935,244.44443460073455,240.263347789176,241.8859985205852,40856000.0,-0.011387742814264468,248.82810821533204,-7.70863189697269,-12.224700927734403
2025-01-08,241.60726928710935,242.6127316047624,238.9692066706783,240.83078235887348,37628900.0,0.002023034290709713,248.62652053833008,-7.019251251220737,-12.513397216796903
2025-01-10,235.78363037109375,239.07872524452853,231.95095824677452,238.9293914792433,61710900.0,-0.02410374047601682,248.08298034667968,-12.299349975585926,-21.253875732421875
2025-01-13,233.3446502685547,233.61343889555545,228.68572841435088,232.47857214721685,49630700.0,-0.01034414517538984,247.48120193481446,-14.136551666259777,-24.509109497070312
2025-01-14,232.22967529296875,235.0568847872792,231.4233246799516,233.69305795736565,39435300.0,-0.004778232431310148,246.75050659179686,-14.520831298828114,-22.20953369140625
2025-01-15,236.79901123046875,237.88411516800545,233.3744970274307,233.5835582088168,39832000.0,0.019675934747510393,246.23981552124025,-9.440804290771496,-14.265487670898438
2025-01-16,227.23228454589844,236.9383864807084,227.0033243432251,236.28136958651152,71759100.0,-0.040400196921681064,245.10594482421874,-17.8736602783203,-22.060226440429688
2025-01-17,228.9445343017578,231.24413133243607,227.4512878984511,231.07489856287185,68488300.0,0.007535239806619742,243.9362350463867,-14.9917007446289,-13.807571411132841
2025-01-21,221.6375732421875,223.40955766052627,218.39225670760808,222.9914505136237,98070400.0,-0.03191585718285572,242.67145462036132,-21.033881378173817,-20.626739501953153
2025-01-22,222.82223510742188,223.1109227348787,218.80041619812283,218.80041619812283,64126500.0,0.005345040770410758,241.37929992675782,-18.55706481933595,-21.074676513671875
2025-01-23,222.6529998779297,226.00782197454976,221.29912251598503,223.72813912330528,60234800.0,-0.0007595078175686165,239.8447410583496,-17.19174118041991,-18.46647644042966
2025-01-24,221.7769470214844,224.614121166801,220.4131202139208,223.7679421578224,54697900.0,-0.003934610613490874,238.22755508422853,-16.450608062744124,-19.830322265624943
2025-01-27,228.82508850097656,231.10477141655377,222.9715575076631,223.01138591977585,94863400.0,0.031780316097548944,236.81693420410156,-7.991845703124994,-6.9585418701171875
2025-01-28,237.187255859375,239.1085741517517,229.77080167884077,229.81063008981928,75707600.0,0.03654392712433174,235.78360900878906,1.4036468505859432,3.8426055908203125
2025-01-29,238.2823028564453,238.78005164957875,232.9563846938824,233.0658900359753,45486100.0,0.004616803685774551,234.97576370239258,3.3065391540527287,6.0526275634765625
2025-01-30,236.5202789306641,239.7058683175974,236.14200015946125,237.59541819689565,55658300.0,-0.007394690686881478,234.24855270385743,2.2717262268066634,-0.2787322998046591
2025-01-31,234.93743896484375,246.07705979363328,232.3889674810629,246.07705979363328,100959800.0,-0.006692195582453042,233.5307991027832,1.4066398620605582,7.7051544189453125
2025-02-03,226.98341369628903,230.78622201033428,224.68381655532255,228.9545099800506,73063300.0,-0.0338559290660565,232.74236450195312,-5.758950805664085,-1.9611206054687784
2025-02-04,231.7518615722656,232.08037762753463,225.62954176239768,226.226846442903,45067300.0,0.021007913302233172,232.21674194335938,-0.4648803710937841,10.114288330078097
2025-02-05,231.42332458496097,231.62242106375825,227.24223776986636,227.50106167329417,39620300.0,-0.0014176239408639768,231.59306259155272,-0.16973800659175708,8.601089477539091
2025-02-06,232.16995239257812,232.74734282564023,229.39250557129796,230.24863411824003,29925300.0,0.0032262426829974267,231.14558639526368,1.0243659973144474,9.516952514648438
2025-02-07,226.60513305664065,232.946448173879,226.236788599926,231.55275755143825,39707200.0,-0.02396873186469828,230.39547958374024,-3.7903465270995866,4.82818603515625
2025-02-10,226.8741912841797,229.8041745661949,226.42572786906877,228.7876615470872,33115600.0,0.001187343922486539,229.95000762939452,-3.0758163452148324,-1.950897216796875
2025-02-11,231.82725524902344,234.42836130351915,227.35256634016287,227.4223198813819,53718400.0,0.02183176471862147,229.87413787841797,1.9531173706054688,-5.3600006103515625
2025-02-12,236.06277465820312,236.15247950770552,229.89386689621963,230.41209906543347,45243300.0,0.018270152940516038,230.0657928466797,5.996981811523426,-2.2195281982421875
2025-02-13,240.70689392089844,241.514131106333,234.7672133917818,236.10264318513748,53614100.0,0.01967323848251623,230.26118698120118,10.44570693969726,4.186614990234347
2025-02-14,243.7664337158203,244.71319316935816,240.1687356269457,240.4278440984732,40896200.0,0.012710644656182213,231.08789443969727,12.678539276123047,8.828994750976562
2025-02-18,243.6368865966797,244.34445851454996,241.01584434943877,243.31796980618805,48822500.0,-0.0005314395307257636,231.82251205444337,11.814374542236322,16.653472900390653
2025-02-19,244.03550720214844,245.17162160901916,242.33134319523683,243.8262313730556,32204200.0,0.0016361258388950528,232.9424087524414,11.093098449707043,12.283645629882841
2025-02-20,244.9922637939453,245.93902334816417,243.45750328110228,244.10529733899224,32316900.0,0.00392056304742705,234.05091018676757,10.941353607177746,13.568939208984347
2025-02-21,244.71319580078125,247.84249441981407,244.38431857946645,245.11182656230832,53197400.0,-0.0011390890015970934,235.15391998291017,9.559275817871082,12.543243408203125
2025-02-24,246.25791931152344,248.0119159709633,243.5870445183064,244.0953010258401,51326400.0,0.006312383382871323,236.37796859741212,9.879950714111317,19.652786254882784
2025-02-25,246.1981201171875,249.14803959700345,244.0753891604379,247.15485528022737,48013300.0,-0.0002428315584860341,237.24662017822266,8.951499938964844,19.323928833007812
2025-02-26,239.5408935546875,244.14514449402503,238.3150894487839,243.49736566903923,44433600.0,-0.02704011939380868,237.3643020629883,2.176591491699213,7.7136383056640625
2025-02-27,236.49131774902344,241.6337368385667,236.25213016109495,238.5941277716784,41153600.0,-0.01273091938670523,237.27475280761718,-0.7834350585937386,0.4285430908203125
2025-02-28,241.01583862304688,241.2649866571528,229.41550676334808,236.1425036842072,56833400.0,0.019131868844441513,237.49953079223633,3.516307830810547,0.3089447021484375
2025-03-03,237.21881103515625,243.1983635012748,235.3053560708129,240.96599177281345,47184000.0,-0.015754265817481183,237.61359939575195,-0.39478836059569744,-6.5476226806640625
2025-03-04,235.1259765625,239.25188262538288,233.88023638606123,236.89992456399492,53798100.0,-0.008822379909602107,238.0207275390625,-2.8947509765625057,-8.510910034179688
2025-03-05,234.93663024902344,235.7438674276595,228.44880585950324,234.6177134735288,47227600.0,-0.000805297297409524,238.1799659729004,-3.243335723876953,-9.098876953125
2025-03-06,234.5280303955078,237.04940729600816,232.3654272740836,233.64106399817908,45170400.0,-0.0017391917687868963,238.33520126342773,-3.807170867919922,-10.4642333984375
2025-03-07,238.2552947998047,240.54744460053885,233.95996981993864,234.30878315837532,46273600.0,0.015892618029543115,238.63946838378905,-0.38417358398436363,-6.4579010009765625
2025-03-10,226.70477294921875,235.35520052510583,223.45588808739055,234.73730306532093,72071200.0,-0.04847960193409895,238.64445037841796,-11.939677429199207,-19.553146362304688
2025-03-11,220.08740234375,225.0703629938446,216.7089556312574,223.04728218644937,76137400.0,-0.029189374883390795,238.30511093139648,-18.217708587646484,-26.1107177734375
2025-03-12,216.2405548095703,220.99430349899413,214.177617020402,219.3897895710681,62547500.0,-0.01747872660231309,237.52577590942383,-21.285221099853516,-23.300338745117188
2025-03-13,208.9654235839844,216.10102664759697,207.70972301630272,215.2140602896052,61368300.0,-0.03364369478238094,236.1709083557129,-27.205484771728493,-27.525894165039034
2025-03-14,212.762451171875,213.22087501834247,208.86577244295887,210.53007941159925,60107600.0,0.01817060221144451,234.77368621826173,-22.01123504638673,-28.253387451171875
2025-03-17,213.27072143554688,214.48656508270392,209.25445626243933,212.58307041465437,48073400.0,0.0023889096072751137,233.24890060424804,-19.97817916870116,-23.948089599609375
2025-03-18,211.96519470214844,214.4168029665515,210.769287119016,213.43018643369248,42432400.0,-0.006121453168117963,231.6653160095215,-19.700121307373053,-23.160781860351562
2025-03-19,214.50648498535156,218.0144781615262,213.0215573102422,213.48995680484757,54385400.0,0.011989186652903605,230.18886489868163,-15.682379913330067,-20.430145263671875
2025-03-20,213.37039184570312,216.7488387280272,211.49679368091097,213.2607660976187,48862900.0,-0.005296311389961117,228.60777130126954,-15.237379455566412,-21.157638549804688
2025-03-21,217.52618408203125,218.0942337293625,210.55999911901452,210.8390437188948,94127800.0,0.019476892742144702,227.24842071533203,-9.722236633300781,-20.729110717773438
2025-03-24,219.977783203125,220.7252273230714,217.8351161419945,220.2468673442068,44299500.0,0.011270363296444375,225.9344139099121,-5.956630706787109,-6.72698974609375
2025-03-25,222.9875030517578,223.33631640181736,219.3300115304276,220.01766257627696,34493600.0,0.013681926441879266,224.7738830566406,-1.7863800048828011,2.9001007080078125
2025-03-26,220.77505493164065,224.25316696482244,219.71866969932233,222.7483031053444,34466100.0,-0.009921848040083336,223.8355911254883,-3.060536193847639,4.534500122070341
2025-03-27,223.087158203125,224.22327264250703,219.80836152348044,220.6355348303588,37094800.0,0.010472665366113354,223.16538314819337,-0.07822494506837074,14.121734619140597
2025-03-28,217.1574249267578,223.04728822423488,216.93817343567548,220.91458161653455,39818600.0,-0.02658034341433524,221.97246246337892,-4.815037536621105,4.3949737548828125
2025-03-31,221.37301635742188,224.8511131847691,215.49311362240712,216.27045427307317,65299300.0,0.019412605542204586,221.1801727294922,0.19284362792967613,8.102294921875
2025-04-01,222.42941284179688,222.9177332815032,218.15402384007052,219.06092638065368,36412700.0,0.004772020103251284,220.54534454345702,1.8840682983398551,10.464218139648438
2025-04-02,223.1270294189453,224.4226023340601,220.2668146407477,220.5657953452804,35905900.0,0.003136350396449661,219.95486450195312,3.1721649169921875,8.62054443359375
2025-04-03,202.49754333496097,206.78289223919597,200.5641523032743,204.8395255545537,103419000.0,-0.09245623955872351,218.35334014892578,-15.855796813964815,-10.872848510742159
2025-04-04,187.738037109375,199.19884701911505,186.70157274086588,193.2292544699453,125910900.0,-0.07288733474248399,215.8274772644043,-28.08944015502931,-29.78814697265625
2025-04-07,180.84161376953125,193.48835506739644,174.02491207450518,176.59612158290105,160466300.0,-0.03673428915114274,213.53431930541993,-32.69270553588868,-39.13616943359375
2025-04-08,171.8323974609375,189.691324966831,168.63334553301246,186.06373055480245,120859500.0,-0.04981826981523896,211.1215690612793,-39.2891716003418,-51.15510559082031
2025-04-09,198.17234802246097,199.926344669284,171.30421792842867,171.3640110222038,184395900.0,0.153288616993843,210.21815872192383,-12.045810699462862,-22.602706909179688
2025-04-10,189.7710723876953,194.11621470149436,182.37636057603893,188.42568213047016,121880000.0,-0.04239378358585855,209.25844116210936,-19.48736877441405,-33.31608581542969
2025-04-11,197.47471618652344,198.85997858079665,185.42592149027783,185.46579368960585,87435900.0,0.04059440515301449,208.4940544128418,-11.019338226318354,-19.682708740234375
2025-04-14,201.8298492431641,212.2143377637297,200.47448329230923,210.7194495182335,101352900.0,0.022054129970375813,207.92201080322266,-6.092161560058571,-19.543167114257784
2025-04-15,201.4511260986328,202.81645240683693,199.11910423874315,201.1720815277121,51343900.0,-0.0018764476411762265,207.39630737304688,-5.945181274414068,-20.978286743164062
2025-04-16,193.6079559326172,200.01603598224625,191.71442177543543,197.68401406478424,59732400.0,-0.0389333647218012,206.35138092041015,-12.743424987792963,-29.519073486328125
2025-04-17,196.3087158203125,198.15241736523097,193.75744237056688,196.5279673080365,52164700.0,0.013949632775603904,205.49829711914063,-9.18958129882813,-6.188827514648466
2025-04-21,192.50173950195312,193.13955785695288,189.1631497833642,192.61136524453693,46742500.0,-0.01939280333250215,204.24707489013673,-11.745335388183605,4.763702392578125
2025-04-22,199.059326171875,200.9030125684292,195.3021694205859,195.45165216386687,52976400.0,0.0340650774735225,203.2011520385742,-4.141825866699207,18.21771240234375
2025-04-23,203.9027557373047,207.29116289420588,202.10888686320857,205.29797863560773,52929200.0,0.024331588268553084,202.24691467285157,1.6558410644531136,32.07035827636719
2025-04-24,207.6598968505859,208.11833592046503,202.248408894664,204.1917605029567,47311000.0,0.018426141911106253,201.59115676879884,6.06874008178707,9.487548828124943
2025-04-25,208.5668029785156,209.0352025034097,205.49729734578435,205.66671618569228,38222300.0,0.004367266581964069,200.86513900756836,7.701663970947237,18.795730590820284
2025-04-28,209.4238739013672,210.7792398343419,206.7530142372406,209.2843516085664,38743100.0,0.004109335285442661,200.47846145629882,8.94541244506837,11.94915771484375
2025-04-29,210.490234375,211.51672307140856,207.6599011161091,207.978817902887,36827600.0,0.005091876364272663,199.93432235717773,10.555912017822266,8.660385131835909
2025-04-30,211.7758331298828,212.8521544830753,205.96569903614,208.5867412723437,52286500.0,0.0061076408542186655,199.40164337158203,12.374189758300787,10.32470703125
2025-05-01,212.59304809570312,213.82881264887993,208.18809734114112,208.3674918385056,57365700.0,0.0038588679064202047,198.87494430541992,13.718103790283209,18.985092163085938
2025-05-02,204.65020751953125,206.28461806468735,201.4710760745947,205.38767599056175,101010600.0,-0.03736171359938467,198.98257751464843,5.667630004882824,8.34149169921875
2025-05-05,198.21221923828125,203.4044712176219,197.5345438511527,202.40787903175757,69018500.0,-0.03145849867088735,199.50628662109375,-1.2940673828125,5.710479736328125
2025-05-06,197.83351135253903,199.96621804369693,196.34859871285207,197.53454585917265,51216500.0,-0.0019106182615661327,200.35588150024415,-2.522370147705118,-1.225814819335966
2025-05-07,195.58120727539065,198.7603386318323,192.591430858442,198.49125449640593,68536700.0,-0.011384846084720124,201.5433219909668,-5.962114715576149,-8.321548461914034
2025-05-08,196.8169860839844,199.3682595147921,194.0165494128041,197.04619801698016,50478900.0,0.0063184946335548275,201.47555389404297,-4.658567810058571,-10.842910766601506
2025-05-09,197.8534393310547,199.85658408831688,196.86680762308345,198.32183886048443,36453900.0,0.005266076204561099,201.87967224121093,-4.026232910156239,-10.713363647460909
2025-05-12,210.34713745117188,210.826139966164,206.31563192374185,210.52676720097676,63775800.0,0.0631462266329994,202.52329330444337,7.823844146728504,0.9232635498046875
2025-05-13,212.48263549804688,212.95164926547025,208.5608995756232,209.98788789546765,51909300.0,0.010152256278603833,203.0559326171875,9.42670288085938,1.992401123046875
2025-05-14,211.88389587402344,213.49051386836737,210.13757262915965,211.98367663769176,49325800.0,-0.0028178284904083473,203.57757110595702,8.306324768066418,0.108062744140625
2025-05-15,211.00575256347656,212.51258988469863,209.0997617101353,210.506803034962,45029500.0,-0.004144455183460405,204.4474609375,6.558291625976551,-1.5872955322265625
2025-05-16,210.8161468505859,212.12340739052024,209.3292870180407,211.9138418912236,54737900.0,-0.0008985807760554243,205.17283248901367,5.643314361572237,6.165939331054659
2025-05-19,208.3413543701172,209.0398806327114,203.83084657536088,207.47318710280223,46140500.0,-0.011739103087880176,205.96481323242188,2.3765411376953125,10.129135131835938
2025-05-20,206.42539978027344,208.03201787298204,204.5992426766309,207.23369558110693,42496600.0,-0.009196227967492532,206.3331169128418,0.09228286743163494,8.591888427734403
2025-05-21,201.6654052734375,206.60500227852873,200.28831500749223,204.73893602091724,59211800.0,-0.023059151208633444,206.22124938964845,-4.555844116210949,6.084197998046847
2025-05-22,200.9369354248047,202.32401437172413,199.28041949489233,200.2883071907537,46742400.0,-0.003612269777481525,205.88510131835938,-4.9481658935546875,4.119949340820284
2025-05-23,194.85975646972656,197.28464391104225,193.05356158182016,193.26311186041875,78432900.0,-0.03024421041472658,205.19974899291992,-10.33999252319336,-2.993682861328125
2025-05-27,199.78936767578125,200.31825293342968,197.01519441683536,197.88337691051132,56288500.0,0.0252982519087801,204.71802368164063,-4.928656005859381,-10.557769775390625
2025-05-28,199.99891662597656,202.30406088976383,199.48000488022652,200.16855762950956,45339700.0,0.0010488493588676207,204.19345779418944,-4.194541168212879,-12.483718872070312
2025-05-29,199.5299072265625,203.38179807643976,198.09293019267844,203.15228556391767,51396800.0,-0.002345059699954133,203.58116149902344,-4.0512542724609375,-12.353988647460938
2025-05-30,200.4280242919922,201.53569281345096,196.3665679710664,198.95112277889336,70819900.0,0.004501165153201203,202.9729103088379,-2.544886016845709,-10.577728271484375
2025-06-02,201.27622985839844,201.70533435611304,199.69954757512772,199.85921507319503,35423300.0,0.0042319709002895944,202.80421142578126,-1.5279815673828239,-9.539916992187472
2025-06-03,202.84292602539065,203.34187550579085,200.53778186221837,200.92696184786135,46381600.0,0.007783811173800448,203.0357467651367,-0.19282073974605396,-5.498428344726534
2025-06-04,202.39389038085935,205.80670326672896,201.67540185470463,202.48369763994597,43604000.0,-0.00221371113762725,203.26376571655274,-0.8698753356933935,-4.031509399414091
2025-06-05,200.20849609375,204.3198354061699,199.7294935749724,203.07246156364135,55126100.0,-0.010797728543074703,203.4951301574707,-3.2866340637206974,-1.4569091796875
2025-06-06,203.49156188964844,205.26782088834017,201.62549563553227,202.5734966384944,46607700.0,0.016398234140678536,203.8288589477539,-0.33729705810546307,2.55462646484375
2025-06-09,201.0267639160156,205.56720771427428,199.59977555964565,203.96058960802063,72862600.0,-0.01211253159956327,203.98752517700194,-2.960761260986345,6.167007446289034
2025-06-10,202.2441864013672,203.92066462184744,200.14860765917956,200.1785434107301,54672600.0,0.006056021902935305,203.5823776245117,-1.3381912231445199,2.4548187255859375
2025-06-11,198.36236572265625,204.07034932786257,197.9931479582843,203.0724503091444,60989900.0,-0.01919373183369144,202.8763641357422,-4.513998413085943,-1.6365509033203125
2025-06-12,198.7814788818359,199.26046614106752,196.94534836583952,198.66173587371063,43904600.0,0.002112866307339978,202.22124328613282,-3.439764404296909,-0.7484283447265909
2025-06-13,196.03726196289065,199.9490243445518,195.2888376882346,199.3103695725812,51447300.0,-0.013805194198079906,201.47281875610352,-5.435556793212868,-4.390762329101534
2025-06-16,198.0031280517578,198.27256505925683,196.1470352061455,196.8854859861783,43020700.0,0.010028022576847206,200.8321678161621,-2.8290397644042855,-3.273101806640625
2025-06-17,195.2289581298828,197.97318035709665,194.79986887227625,196.78567812068,38856200.0,-0.014010737856372857,200.1765480041504,-4.947589874267578,-7.613967895507841
2025-06-18,196.16697692871097,197.15490236836845,194.66015499959357,195.52832221137376,45394700.0,0.004804711390223648,199.66362686157225,-3.4966499328612883,-6.226913452148381
2025-06-20,200.57769775390625,201.27622400422055,196.4463965286413,197.8235020126397,96813500.0,0.022484522595249024,199.6092414855957,0.9684562683105469,0.36920166015625
2025-06-23,201.07666015625,201.87498244787415,198.54200324907936,201.20639190632417,55814300.0,0.002487626530422782,199.61622772216796,1.460432434082037,-2.4149017333984375
2025-06-24,199.87918090820312,203.0125832870988,199.77938491343545,202.16436301176623,54064000.0,-0.0059553368706062315,199.8671989440918,0.011981964111328125,-1.1475830078124716
2025-06-25,201.13653564453125,203.2421033073339,200.19850807531137,201.0267661369261,39525700.0,0.006290573788700682,199.9345573425293,1.2019783020019474,-1.1076507568359375
2025-06-26,200.57769775390625,202.2142514946699,199.04094000321476,201.00678701240992,50799100.0,-0.0027784006959959973,199.96349639892577,0.6142013549804801,2.21533203125
2025-06-27,200.65753173828125,202.7930349784745,199.57979899649257,201.4658274879402,73188600.0,0.0003980202448676806,200.0198776245117,0.6376541137695426,1.876052856445341
2025-06-30,204.7389373779297,206.95427439094752,198.84135059390303,201.58557286233471,91912800.0,0.020340156705265455,200.23542327880858,4.503514099121105,8.701675415039034
2025-07-01,207.3833770751953,209.74839282792448,205.70689884063935,206.23578409144605,78788900.0,0.01291615425542747,200.54078063964843,6.842596435546881,9.3802490234375
2025-07-02,211.99366760253903,212.8917706186518,207.7026988246806,208.47108532398713,67941800.0,0.022230762139012095,200.99831771850586,10.995349884033175,16.76470947265622
2025-07-03,213.10134887695312,214.19902871499423,211.3649990181489,211.70428104663077,34955800.0,0.005225067743489742,201.53369064331054,11.56765823364259,16.93437194824216
2025-07-07,209.50889587402344,215.77570049162512,208.36131809352125,212.23315593085263,50229000.0,-0.016857955249283796,201.99871063232422,7.510185241699219,8.931198120117188
2025-07-08,209.5687713623047,210.98578616820197,208.01205130024096,209.658593847986,42848900.0,0.00028578971805215403,202.30257110595704,7.266200256347645,8.492111206054688
2025-07-09,210.69639587402344,210.8859991217609,206.7846335910969,209.0897778625777,48749400.0,0.00538068961510163,202.78605270385742,7.910343170166016,10.817214965820312
2025-07-10,211.96372985839844,213.03147386855417,209.58872537016995,210.06771262581316,44443600.0,0.006014977043711456,203.27202987670898,8.691699981689453,10.827194213867188
2025-07-11,210.7163543701172,211.68431760849728,209.41908263784933,210.12759762046792,39765800.0,-0.005884853456365136,203.88972930908204,6.826625061035145,10.138656616210938
2025-07-14,208.1816864013672,210.46688365912564,207.10395364435493,209.48893166698292,38840100.0,-0.01202881464197092,204.3597396850586,3.821946716308588,7.5241546630859375
2025-07-15,208.6706695556641,211.44482767792792,208.48106630115817,208.7804390594974,42296300.0,0.0023488288655426626,204.99141006469728,3.679259490966814,3.9317321777344034
2025-07-16,209.71847534179688,211.95375954691573,208.2016644692293,209.8581806046168,47490500.0,0.00502133715468478,205.57717742919922,4.141297912597651,2.3350982666015625
2025-07-17,209.57875061035156,211.3550095983717,209.14964612579556,210.12759810142072,48068100.0,-0.0006662490332222104,206.29466705322267,3.284083557128895,-2.4149169921874716
2025-07-18,210.73631286621097,211.34503189230253,209.25942654413325,210.42696659875529,48974600.0,0.005523280640276074,207.02313385009765,3.7131790161133154,-2.365036010742159
2025-07-21,212.0335693359375,215.3266389893317,211.18536434566,211.65437808070223,51377400.0,0.006155827878369102,207.5959274291992,4.437641906738293,2.5246734619140625
2025-07-22,213.94955444335935,214.49840197701596,211.7841152894156,212.69220709721728,46404100.0,0.0090362347501034,208.23957214355468,5.709982299804665,4.380783081054659
2025-07-23,213.7000732421875,214.69797228179937,211.9637386583707,214.54829351654996,46989300.0,-0.00116607488069298,208.9306167602539,4.769456481933588,3.0036773681640625
2025-07-24,213.31088256835935,215.2368355364858,213.08137006420023,213.45058781785585,46022600.0,-0.0018212004700021156,209.53933410644532,3.7715484619140227,1.347152709960909
2025-07-25,213.43064880371097,214.7877920897316,212.95164630742312,214.24891808809048,40268800.0,0.0005614633154651383,210.18198165893554,3.2486671447754247,2.7142944335937784
2025-07-28,213.6002960205078,214.39861831079745,212.61237047326716,213.5803337758995,37858000.0,0.0007948587409902785,210.82911987304686,2.771176147460949,5.418609619140625
2025-07-29,210.8261260986328,214.3586818606333,210.37707459375497,213.73000061776605,51411700.0,-0.012987668901023652,211.13347930908202,-0.3073532104492074,2.1554565429687216
2025-07-30,208.6107940673828,211.94377315400357,207.28358653790625,211.454797150492,45512500.0,-0.010507862911703691,211.1948501586914,-2.5840560913085824,-1.1076812744140625
2025-07-31,207.1339111328125,209.39913099136336,206.72476887181696,208.0519764228089,80698400.0,-0.007079609380583052,210.95186233520508,-3.817951202392578,-2.4448394775390625
2025-08-01,201.9548187255859,213.1312852679161,201.07666267114303,210.4269720875647,104434500.0,-0.025003594915493088,210.39453582763673,-8.439717102050821,-8.781494140625057
2025-08-04,202.9227752685547,207.44325668811337,201.25627047720937,204.0803265791815,75109300.0,0.004792936108566126,210.0652297973633,-7.142454528808599,-9.110794067382812
2025-08-05,202.49366760253903,204.90858140720596,201.73526982787092,202.97265486934364,44155100.0,-0.0021146353111313188,209.711474609375,-7.2178070068359546,-11.455886840820312
2025-08-06,212.80197143554688,214.9275012748427,205.15806109322384,205.19798558201,108483100.0,0.050906796025055545,209.81675338745117,2.985218048095703,-0.898101806640625
2025-08-07,219.56771850585935,220.38600300495352,216.12496995802368,218.42014073215765,90224800.0,0.03179362965799237,210.19695281982422,9.370765686035128,6.2568359375
2025-08-08,228.86814880371097,230.5146761138317,218.78936250198095,220.36604479784603,113854000.0,0.042357912907873274,211.10454254150392,17.76360626220705,15.4375
2025-08-11,226.95997619628903,229.33767612130436,224.54232171734583,227.6992650180531,61806100.0,-0.00833743191176195,212.04345703125,14.916519165039034,13.359680175781222
2025-08-12,229.42758178710935,230.57647717809445,226.8500938879156,227.78917070894937,55626200.0,0.010872426196794072,213.08130264282227,16.34627914428708,18.601455688476534
2025-08-13,233.10403442382812,234.77241529044048,230.2068337695816,230.8462285986664,69878500.0,0.016024457949132875,214.25058059692384,18.853453826904286,24.493240356445312
2025-08-14,232.5545654296875,234.89229562265464,230.6264418350812,233.83332460758467,51916300.0,-0.0023571835446725142,215.3993713378906,17.155194091796886,25.420654296875
2025-08-15,231.36570739746097,234.0531046408583,229.11788646444975,233.77337703316005,56038700.0,-0.00511216810570847,216.43084106445312,14.934866333007847,29.410888671875057
2025-08-18,230.66639709472656,232.8942332130852,229.88715369469057,231.4756102221476,37476200.0,-0.0030225322092918283,217.36248245239258,13.303914642333979,27.743621826171875
2025-08-19,230.3367156982422,232.64447617946885,229.1278960385577,231.05601964615855,39402600.0,-0.001429256279357305,218.1818405151367,12.154875183105474,27.843048095703153
2025-08-20,225.7911071777344,230.2467944412184,225.55134937034353,229.75726351111015,42263900.0,-0.019734624185850036,218.78639221191406,7.004714965820341,12.989135742187528
2025-08-21,224.68218994140625,226.30063142153253,223.56327948127884,226.05087353353895,30621200.0,-0.00491125292837713,219.3549575805664,5.327232360839844,5.114471435546903
2025-08-22,227.53941345214844,228.8681272027074,225.1916985271248,225.95095699429655,42477800.0,0.012716733406805902,220.06039581298828,7.479017639160162,-1.3287353515625284
2025-08-25,226.94000244140625,229.0779292721956,226.01089520624416,226.26065308481304,30983100.0,-0.002634317288807808,220.7273811340332,6.212621307373041,-0.01997375488278408
2025-08-26,229.08792114257812,229.26775474756235,224.4724002828088,226.65028173376103,54575100.0,0.00946469850209164,221.64047088623047,7.447450256347651,-0.3396606445312216
2025-08-27,230.26678466796875,230.676376013076,228.03893336267103,228.38860049855515,31259500.0,0.005145899965004919,222.72327041625977,7.543514251708984,-2.837249755859375
2025-08-28,232.33477783203125,233.18396075811216,229.11789497993007,230.59647266873003,38074700.0,0.008980857430412437,223.9833137512207,8.351464080810558,-0.21978759765625
2025-08-29,231.91517639160156,233.15398096397084,231.145917853049,232.284813175836,39418400.0,-0.0018060207961334562,225.4813316345215,6.433844757080067,0.5494689941405966
2025-09-02,229.49752807617188,230.62643860177437,226.75019132336067,229.02798202980685,44075600.0,-0.010424709383172748,226.81006927490233,2.6874588012695426,-1.1688690185546875
2025-09-03,238.2390594482422,238.6186963224971,234.133039090421,236.9802851593088,66427800.0,0.038089871578786294,228.5973388671875,9.641720581054699,7.90234375
2025-09-04,239.5477752685547,239.66765417218173,236.51072617258424,238.21906152531412,47549400.0,0.005493288226302795,229.93462905883788,9.613146209716803,13.756668090820284
2025-09-05,239.45787048339844,241.0862967595893,238.25903569310344,239.76756781945676,54870400.0,-0.00037531045761318715,230.92913665771485,8.528733825683588,14.775680541992188
2025-09-08,237.64962768554688,239.91741830634817,236.11111057683257,239.06825064349684,48999500.0,-0.007551402650500583,231.36821060180665,6.281417083740223,10.110214233398438
2025-09-09,234.123046875,238.5487492683241,233.13400016518185,236.77047435136635,66313900.0,-0.014839412310012845,231.7263641357422,2.3966827392578125,7.18304443359375
2025-09-10,226.5703582763672,232.19491077497392,225.73117543382176,231.9651377870414,83440800.0,-0.03225948363240483,231.58350296020507,-5.013144683837879,-2.5175628662109375
2025-09-11,229.8072204589844,230.22681187017153,226.43048902665416,226.6602772530751,50208600.0,0.014286344459361944,231.41866226196288,-1.6114418029784758,-0.4595642089843466
2025-09-12,233.84332275390625,234.28288383192944,228.7982103662064,228.9980136278554,55824200.0,0.01756299165387709,231.48310012817382,2.3602226257324332,1.508544921875
2025-09-15,236.47076416015625,237.95932665324483,234.80238330570737,236.77047667310177,42699500.0,0.011235905200573493,231.73835296630858,4.732411193847668,4.5555877685546875
2025-09-16,237.9193572998047,240.98639147239973,236.09114297984144,236.9502954777413,63421100.0,0.006125886829152938,232.1010009765625,5.818356323242199,8.421829223632812
2025-09-17,238.7585601806641,239.86748583209587,237.4997706474641,238.73857528095925,46508000.0,0.0035272576825344792,232.5220932006836,6.2364669799804915,0.5195007324219034
2025-09-18,237.64962768554688,240.9664044724694,236.4208079152849,239.737599946219,44249600.0,-0.004644576907643083,233.11501922607422,4.534608459472651,-1.8981475830078125
2025-09-19,245.26223754882812,246.0614658116388,239.9773675285625,240.99636870073516,163741300.0,0.03203291306373979,234.1440216064453,11.118215942382818,5.8043670654296875
2025-09-22,255.8319854736328,256.3914711896616,247.8797028858207,248.05953649140056,105517400.0,0.043095700465100695,235.55865020751952,20.273335266113293,18.182357788085938
2025-09-23,254.18359375,257.0907792625319,253.33442606621003,255.63220171436936,60275200.0,-0.00644325892472386,236.92082977294922,17.26276397705078,20.060546875
2025-09-24,252.06564331054688,255.4923293909784,250.79686899703333,254.9728287261993,42303700.0,-0.00833236483994404,238.06971588134766,13.995927429199213,25.495285034179688
2025-09-25,256.6212158203125,256.9209435623003,251.466224879955,252.96477212582877,55202100.0,0.018072960876120314,239.38743743896484,17.233778381347662,26.813995361328097
2025-09-26,255.2126007080078,257.3505275669758,253.5342198150173,253.8539172209246,46076300.0,-0.0054890828406448655,240.53132858276368,14.681272125244135,21.369277954101562
2025-09-29,254.18359375,254.75304905914027,252.76497075706976,254.31347273152576,40127700.0,-0.004031959845059219,241.6447494506836,12.538844299316395,17.71282958984375
2025-09-30,254.38340759277344,255.67215158054225,252.8648753735947,254.61318058017173,37704300.0,0.0007861004710238984,242.88904342651367,11.494364166259771,16.46405029296875
2025-10-01,255.20260620117188,258.53938316103813,254.6831055272507,254.7929996074261,48713900.0,0.003220330351537015,243.73722076416016,11.465385437011719,16.444046020507784
2025-10-02,256.8809814453125,257.9299523535748,253.9038565188199,256.33149581258533,42630200.0,0.006576638338942287,244.60388107299804,12.277100372314464,19.231353759765625
2025-10-03,257.7701110839844,258.9889308017334,253.70406057825727,254.4233645180439,49155600.0,0.0034612513299712155,245.51949310302734,12.250617980957031,12.50787353515625
2025-10-06,256.44140625,258.819106172963,254.80299514816292,257.7401350456914,44664100.0,-0.0051546117135026215,246.45908203125,9.982324218749994,0.6094207763671875
2025-10-07,256.23162841796875,257.15072039039774,255.18262697514496,256.56129542181253,31955800.0,-0.0008180341665524615,247.56451110839845,8.667117309570301,2.04803466796875
2025-10-08,257.8100891113281,258.2696351050741,255.8619653198879,256.2715719294531,36496900.0,0.00616028826380699,249.1264976501465,8.683591461181635,5.74444580078125
2025-10-09,253.79396057128903,257.75013209688524,252.8948383011137,257.5603136690899,38322000.0,-0.01557785637436726,250.32583465576172,3.4681259155273096,-2.827255249023466
2025-10-10,245.032470703125,256.13171175032437,243.76369637579657,254.69310389004832,61999100.0,-0.034522058162621216,250.88529205322266,-5.852821350097656,-10.180130004882812
2025-10-13,247.4201507568359,249.44818352992385,245.32217845998096,249.13848619669537,38142900.0,0.009744341420789837,251.43276138305663,-4.01261062622072,-6.763442993164091
2025-10-14,247.5300445556641,248.60900042906025,244.46301046499008,246.36117950382103,35478000.0,0.0004441586446861656,251.9132957458496,-4.3832511901855185,-6.853363037109347
2025-10-15,249.09852600097656,251.5761352503302,247.2303418581919,249.24838988167792,33893600.0,0.006336529564029414,252.43029403686523,-3.331768035888672,-6.1040802001953125
2025-10-16,247.2103576660156,248.79881419551728,244.8926123625184,248.00958596667436,39777000.0,-0.007580006053321875,252.90833053588867,-5.69797286987307,-9.670623779296903
2025-10-17,252.045654296875,253.13461023404025,247.03052706557392,247.77980070207627,49147000.0,0.019559441912186948,253.24750137329102,-1.2018470764160156,-5.724456787109375
2025-10-20,261.98602294921875,264.1239650925819,255.3824390623343,255.64218177653177,90483000.0,0.03943876231500254,253.55520324707032,8.430819702148426,5.54461669921875
2025-10-21,262.5155029296875,265.03308188579996,261.5764108568555,261.6263807259345,46695900.0,0.0020210237725979407,253.9717987060547,8.543704223632801,6.28387451171875
2025-10-22,258.19970703125,262.5954395959732,255.18261234613632,262.3956210979312,45015300.0,-0.016440156296572916,254.27850189208985,3.9212051391601506,0.389617919921875
2025-10-23,259.3285827636719,260.36758405794774,257.76012648314656,259.68824995662277,32754900.0,0.004372103072468825,254.41387023925782,4.914712524414057,5.534622192382841
2025-10-24,262.56549072265625,263.87421967110856,258.9290010880386,260.93706434715574,38253700.0,0.012481878875396424,254.78151473999023,7.783975982666021,17.53302001953125
2025-10-27,268.5496520996094,268.8593494221352,264.3936774471076,264.6234656652487,44888200.0,0.02279111912415832,255.49981765747071,13.04983444213866,21.129501342773466
2025-10-28,268.7394714355469,269.6286240979669,267.8902885694659,268.7294713644567,41534800.0,0.0007068314349076843,256.2176208496094,12.5218505859375,21.209426879882784
2025-10-29,269.4388122558594,271.1471476128123,266.85129379808274,269.01920560410514,51086700.0,0.0026023003490212027,256.92943115234374,12.509381103515636,20.340286254882812
2025-10-30,271.13714599609375,273.87451306817263,268.2199910571769,271.72657092903916,69886500.0,0.006303226049785504,257.6422393798828,13.494906616210926,23.926788330078153
2025-10-31,270.108154296875,277.05143573891627,268.89933466249033,276.721738255342,86167100.0,-0.0037950967413132863,258.25914154052737,11.849012756347634,18.0625
2025-11-03,268.7894287109375,270.5877038096653,265.9921525413924,270.15812755648943,50194600.0,-0.004882213161503057,258.87654266357424,9.912886047363259,6.80340576171875
2025-11-04,269.7784729003906,271.22705027239556,267.36080327265466,268.0701070960229,49274800.0,0.0036796245826942187,259.5538848876953,10.224588012695335,7.262969970703125
2025-11-05,269.8783874511719,271.43687417180433,266.67147434431234,268.3498399683747,43683100.0,0.0003703577594871277,260.1572998046875,9.721087646484364,11.678680419921875
2025-11-06,269.50872802734375,273.1352174017799,267.6305743388968,267.6305743388968,51204000.0,-0.0013697259247742455,260.9430381774902,8.565689849853527,10.180145263671875
2025-11-07,268.2099914550781,272.02629915101613,266.51162568814635,269.5386899523433,48227400.0,-0.004818903572332056,262.1019142150879,6.108077239990223,5.644500732421875
2025-11-10,269.42999267578125,273.7300109863281,267.4599914550781,268.9599914550781,41312400.0,0.004548679242277531,263.20240631103513,6.2275863647461165,0.880340576171875
2025-11-11,275.25,275.9100036621094,269.79998779296875,269.80999755859375,46208300.0,0.021601185771556786,264.58840408325193,10.66159591674807,6.510528564453125
2025-11-12,273.4700012207031,275.7300109863281,271.70001220703125,275.0,48398000.0,-0.006466843884820661,265.8069778442383,7.663023376464821,4.03118896484375
2025-11-13,272.95001220703125,276.70001220703125,272.0899963378906,274.1099853515625,49602800.0,-0.0019014480979659965,267.0939605712891,5.856051635742176,1.8128662109375
2025-11-14,272.4100036621094,275.9599914550781,269.6000061035156,271.04998779296875,47431300.0,-0.0019784155368063328,268.11217803955077,4.297825622558605,2.301849365234375
2025-11-17,267.4599914550781,270.489990234375,265.7300109863281,268.82000732421875,45018300.0,-0.018171183658773127,268.38587646484376,-0.9258850097656364,-1.329437255859375
2025-11-18,267.44000244140625,270.7099914550781,265.32000732421875,269.989990234375,45677300.0,-7.473646268785217e-05,268.63210144042966,-1.1920989990234148,-2.338470458984375
2025-11-19,268.55999755859375,272.2099914550781,265.5,265.5299987792969,40424500.0,0.004187836924032684,269.1501159667969,-0.590118408203125,-1.318389892578125
2025-11-20,266.25,275.42999267578125,265.9200134277344,270.8299865722656,45823600.0,-0.008601420835542606,269.4961868286133,-3.246186828613304,-3.25872802734375
2025-11-21,271.489990234375,273.3299865722656,265.6700134277344,265.95001220703125,59030800.0,0.019680714495305063,269.9424118041992,1.547578430175804,3.279998779296875
2025-11-24,275.9200134277344,277.0,270.8999938964844,270.8999938964844,65585800.0,0.0163174457722548,270.3109298706055,5.6090835571288835,6.490020751953125
2025-11-25,276.9700012207031,280.3800048828125,275.25,275.2699890136719,46914200.0,0.003805406428931457,270.72245635986326,6.2475448608398665,1.720001220703125
2025-11-26,277.54998779296875,279.5299987792969,276.6300048828125,276.9599914550781,33431400.0,0.0020940411225383038,271.1280151367188,6.421972656249977,4.079986572265625
2025-11-28,278.8500061035156,279.0,275.989990234375,277.260009765625,20135600.0,0.004683906927485104,271.51365814208987,7.3363479614257585,5.899993896484375
2025-12-01,283.1000061035156,283.4200134277344,276.1400146484375,278.010009765625,46587700.0,0.015241168753721723,272.1632507324219,10.936755371093739,10.69000244140625
2025-12-02,286.19000244140625,287.3999938964844,282.6300048828125,283.0,53669500.0,0.010914857899228636,273.0332794189453,13.156723022460938,18.730010986328125
2025-12-03,284.1499938964844,288.6199951171875,283.29998779296875,286.20001220703125,43538700.0,-0.00712816145749029,273.75185546875,10.398138427734352,16.709991455078125
2025-12-04,280.70001220703125,284.7300109863281,278.5899963378906,284.1000061035156,43989100.0,-0.012141410394363561,274.29293670654295,6.407075500488304,12.1400146484375
2025-12-05,278.7799987792969,281.1400146484375,278.04998779296875,280.5400085449219,47265800.0,-0.00684009028940924,274.7565002441406,4.02349853515625,12.529998779296875
2025-12-08,277.8900146484375,279.6700134277344,276.1499938964844,278.1300048828125,38211800.0,-0.00319242461710445,275.2405014038086,2.6495132446289062,6.4000244140625
2025-12-09,277.17999267578125,280.0299987792969,276.9200134277344,278.1600036621094,32193300.0,-0.002555046727945598,275.6280014038086,1.5519912719726676,1.259979248046875
2025-12-10,278.7799987792969,279.75,276.44000244140625,277.75,33038300.0,0.00577244442526248,275.80450134277345,2.975497436523426,1.80999755859375
2025-12-11,278.0299987792969,279.5899963378906,273.80999755859375,279.1000061035156,33248000.0,-0.0026902934331158868,276.0325012207031,1.99749755859375,0.480010986328125
2025-12-12,278.2799987792969,279.2200012207031,276.82000732421875,277.8999938964844,39532900.0,0.0008991835452922814,276.2990005493164,1.9809982299804574,-0.57000732421875
2025-12-15,274.1099853515625,280.1499938964844,272.8399963378906,280.1499938964844,50409100.0,-0.014984955605960026,276.3839996337891,-2.274014282226574,-8.990020751953125
2025-12-16,274.6099853515625,275.5,271.7900085449219,272.82000732421875,37648600.0,0.0018240853187405648,276.74149932861326,-2.1315139770507585,-11.58001708984375
2025-12-17,271.8399963378906,276.1600036621094,271.6400146484375,275.010009765625,50138700.0,-0.010086993049891024,276.9614990234375,-5.121502685546886,-12.30999755859375
2025-12-18,272.19000244140625,273.6300048828125,266.95001220703125,273.6099853515625,51630700.0,0.001287544541755281,277.14299926757815,-4.952996826171898,-8.510009765625
2025-12-19,273.6700134277344,274.6000061035156,269.8999938964844,272.1499938964844,144632000.0,0.005437418615868328,277.51399993896484,-3.8439865112304688,-5.1099853515625
2025-12-22,270.9700012207031,273.8800048828125,270.510009765625,272.8599853515625,36571800.0,-0.009865941003960987,277.4880004882813,-6.517999267578148,-6.920013427734375
2025-12-23,272.3599853515625,272.5,269.55999755859375,270.8399963378906,29642000.0,0.005129660569795913,277.3099990844727,-4.950013732910179,-4.82000732421875
2025-12-24,273.80999755859375,275.42999267578125,272.20001220703125,272.3399963378906,17910600.0,0.005323881205087977,277.15199890136716,-3.3420013427734148,-4.970001220703125
2025-12-26,273.3999938964844,275.3699951171875,272.8599853515625,274.1600036621094,21521800.0,-0.0014974020881820538,276.94449920654296,-3.5445053100585824,-4.6300048828125
2025-12-29,273.760009765625,274.3599853515625,272.3500061035156,272.69000244140625,23715200.0,0.0013168100847762432,276.68999938964845,-2.929989624023449,-4.519989013671875
2025-12-30,273.0799865722656,274.0799865722656,272.2799987792969,272.80999755859375,22139600.0,-0.0024840121606569676,276.1889984130859,-3.109011840820301,-1.029998779296875
2025-12-31,271.8599853515625,273.67999267578125,271.75,273.05999755859375,27293600.0,-0.004467559984957958,275.4724975585938,-3.6125122070312727,-2.75
2026-01-02,271.010009765625,277.8399963378906,269.0,272.260009765625,37838100.0,-0.0031265196488491354,274.8154983520508,-3.8054885864257812,-0.829986572265625
2026-01-05,267.260009765625,271.510009765625,266.1400146484375,270.6400146484375,45647200.0,-0.013837127282653072,274.1434982299805,-6.88348846435548,-4.92999267578125
2026-01-06,262.3599853515625,267.54998779296875,262.1199951171875,267.0,52352100.0,-0.01833429707033085,273.32249755859374,-10.962512207031239,-11.310028076171875
2026-01-07,260.3299865722656,263.67999267578125,259.80999755859375,263.20001220703125,48309800.0,-0.007737455757884204,272.44449615478516,-12.114509582519531,-10.6400146484375
2026-01-08,259.0400085449219,259.2900085449219,255.6999969482422,257.0199890136719,50419300.0,-0.004955164959399183,271.53749694824216,-12.49748840332029,-13.319976806640625
2026-01-09,259.3699951171875,260.2099914550781,256.2200012207031,259.0799865722656,39997000.0,0.00127388264893602,270.5669967651367,-11.197001647949207,-14.44000244140625
2026-01-12,260.25,261.29998779296875,256.79998779296875,259.1600036621094,45263800.0,0.0033928553779511983,269.67799682617186,-9.427996826171864,-13.149993896484375
2026-01-13,261.04998779296875,261.80999755859375,258.3900146484375,258.7200012207031,45730800.0,0.003073920434077726,268.81649627685545,-7.766508483886696,-12.71002197265625
2026-01-14,259.9599914550781,261.82000732421875,256.7099914550781,259.489990234375,40019400.0,-0.004175431483854575,268.10899658203124,-8.149005126953114,-13.1199951171875
2026-01-15,258.2099914550781,261.0400085449219,257.04998779296875,260.6499938964844,39388600.0,-0.006731805114335909,267.288996887207,-9.079005432128895,-13.649993896484375
2026-01-16,255.52999877929688,258.8999938964844,254.92999267578125,257.8999938964844,72142800.0,-0.010379120733008063,266.47349700927737,-10.943498229980491,-15.480010986328125
2026-01-20,246.6999969482422,254.7899932861328,243.4199981689453,252.72999572753903,80267500.0,-0.03455563680678142,265.19899673461913,-18.49899978637694,-20.560012817382812
2026-01-21,247.6499938964844,251.55999755859375,245.17999267578125,248.6999969482422,54641700.0,0.0038508186461045923,263.89799575805665,-16.24800186157225,-14.709991455078097
2026-01-22,248.3500061035156,251.0,248.1499938964844,249.1999969482422,39708300.0,0.0028266191168322408,262.7669960021973,-14.416989898681692,-11.979980468750028
2026-01-23,248.0399932861328,249.41000366210935,244.67999267578125,247.32000732421875,41689000.0,-0.0012482899527433977,261.5509963989258,-13.511003112792991,-11.000015258789062
2026-01-26,255.41000366210935,256.55999755859375,249.8000030517578,251.47999572753903,55969200.0,0.02971299216040002,260.63099670410156,-5.220993041992216,-3.9599914550781534
2026-01-27,258.2699890136719,261.95001220703125,258.2099914550781,259.1700134277344,49648300.0,0.01119762464490659,259.87449645996094,-1.6045074462890625,-1.980010986328125
2026-01-28,256.44000244140625,258.8599853515625,254.5099945068359,257.6499938964844,41288000.0,-0.007085556394896275,259.00849609375,-2.5684936523437614,-4.6099853515625
2026-01-29,258.2799987792969,259.6499938964844,254.41000366210935,258.0,67253000.0,0.007175153331668849,258.26849670410155,0.011502075195323869,-1.67999267578125
2026-01-30,259.4800109863281,261.8999938964844,252.17999267578125,255.1699981689453,92443400.0,0.004646167774132071,257.64949798583984,1.8305130004882812,1.27001953125
2026-02-02,270.010009765625,270.489990234375,259.2099914550781,260.0299987792969,73913400.0,0.04058115590203082,257.59949798583983,12.410511779785168,14.480010986328125
2026-02-03,269.4800109863281,271.8800048828125,267.6099853515625,269.20001220703125,64394700.0,-0.0019628856713753695,257.710498046875,11.769512939453136,22.780014038085938
2026-02-04,276.489990234375,278.95001220703125,272.2900085449219,272.2900085449219,90545700.0,0.026012984125945104,258.4169982910156,18.072991943359398,28.839996337890597
2026-02-05,275.9100036621094,279.5,273.2300109863281,278.1300048828125,52977400.0,-0.0020976765624461935,259.1959991455078,16.714004516601562,27.55999755859378
2026-02-06,278.1199951171875,280.9100036621094,276.92999267578125,277.1199951171875,50420700.0,0.008009827210848641,260.1499984741211,17.969996643066395,30.080001831054688
2026-02-09,274.6199951171875,278.20001220703125,271.70001220703125,277.9049987792969,44361333.0,-0.01258449612198953,260.9124984741211,13.707496643066406,19.209991455078153
